paper_id,year,keyword,count
2101.00400,2021,elo-like system,1
2101.00400,2021,massive multiplayer competitions,1
2101.00457,2021,home advantage,1
2101.00457,2021,european major football league,1
2101.00457,2021,COVID-19,1
2101.00784,2021,WearMask,1
2101.00784,2021,browser,1
2101.00784,2021,serverless edge computing,1
2101.00784,2021,COVID-19,1
2101.01662,2021,difference,1
2101.01662,2021,man's and woman's football,1
2101.02104,2021,probabilistic model,1
2101.02104,2021,shot success,1
2101.02104,2021,football,1
2101.03541,2021,heatmap-base object detection,1
2101.03541,2021,tracking,1
2101.03541,2021,fully CNN,1
2101.04954,2021,EventAnchor,1
2101.04954,2021,human interactions,1
2101.04954,2021,event annotation,1
2101.04954,2021,racket sports videos,1
2101.05388,2021,soccer player,1
2101.05388,2021,live camera,1
2101.05388,2021,deep reinforcement learning,1
2101.07042,2021,CLASTER,1
2101.07042,2021,reinforcement learning,1
2101.07042,2021,zero-shot action recognition,1
2101.08175,2021,bayesian GARCH modeling,1
2101.08175,2021,functional sports datum,1
2101.08434,2021,video summarization,1
2101.10870,2021,b-HAR,1
2101.10870,2021,open-source baseline framework,1
2101.10870,2021,depth study,1
2101.10870,2021,human activity recognition dataset,1
2101.10870,2021,workflow,1
2101.10438,2021,persistent covering,1
2101.10438,2021,graph,1
2101.10438,2021,latency,1
2101.10438,2021,energy,1
2101.10438,2021,constraints,1
2101.10597,2021,probabilistic final standing calculator,1
2101.10597,2021,fair stochastic tool,1
2101.10597,2021,football season,1
2101.11556,2021,COVID-19 community Q&A,1
2101.11556,2021,curated side information,1
2102.00815,2021,bellman eluder dimension,1
2102.00815,2021,rich classes,1
2102.00815,2021,RL problems,1
2102.00815,2021,sample-efficient algorithms,1
2102.01074,2021,brain performance analysis,1
2102.01074,2021,electroencephalogram headset,1
2102.01846,2021,simulation-based decision making,1
2102.01846,2021,NFL,1
2102.01846,2021,NFLSimulatoR,1
2102.01952,2021,ben stokes,1
2102.01952,2021,shot type,1
2102.01952,2021,cricket,1
2102.01952,2021,personalized deep neural network,1
2102.02115,2021,TEyeD,1
2102.02115,2021,real-world eye image,1
2102.02115,2021,"pupil, eyelid, and iris 2d and 3d segmentations, 2d and 3d landmarks, 3d eyeball, gaze vector, and eye movement types",1
2102.02478,2021,bangla text dataset,1
2102.02478,2021,exploratory analysis,1
2102.02478,2021,online harassment detection,1
2102.03291,2021,baller2vec: a multi-entity transformer,1
2102.03291,2021,multi-agent spatiotemporal modeling,1
2102.03310,2021,state estimation,1
2102.03310,2021,projection post,1
2102.03310,2021,processing,1
2102.03310,2021,recognition,1
2102.03310,2021,football,1
2102.03391,2021,single run action detector,1
2102.03391,2021,video stream,1
2102.03391,2021,privacy preserving approach,1
2102.03639,2021,practical model-base segmentation approach,1
2102.03639,2021,improved activation detection,1
2102.03639,2021,single-subject functional magnetic resonance imaging study,1
2102.04331,2021,soccer event detection,1
2102.04331,2021,deep learning,1
2102.05020,2021,predictive factors,1
2102.05020,2021,kinematics,1
2102.05020,2021,traumatic brain injury,1
2102.05020,2021,head impacts,1
2102.05020,2021,statistical interpretation,1
2102.06429,2021,large-scale fine-grained contextual advertising classifier,1
2102.06429,2021,wikipedia,1
2102.07545,2021,data-drive analysis,1
2102.07545,2021,understanding team sports behaviors,1
2102.07624,2021,RMS-net,1
2102.07624,2021,regression,1
2102.07624,2021,masking,1
2102.07624,2021,soccer event,1
2102.07624,2021,spotting,1
2102.09288,2021,mathematical,1
2102.09288,2021,competitive balance,1
2102.09288,2021,football league,1
2102.09381,2021,L2E,1
2102.09381,2021,opponent,1
2102.09469,2021,long-term outcomes,1
2102.09469,2021,real-world fluent objective,1
2102.09469,2021,football,1
2102.09689,2021,NHL goalie,1
2102.09689,2021,playoff,1
2102.09689,2021,multilevel logistic regression analysis,1
2102.12523,2021,online mobile app usage,1
2102.12523,2021,indicator,1
2102.12523,2021,sleep behavior,1
2102.12523,2021,job performance,1
2103.01955,2021,surprising effectiveness,1
2103.01955,2021,PPO,1
2103.01955,2021,"cooperative, multi-agent games",1
2103.02938,2021,FootApp,1
2103.02938,2021,AI-power system,1
2103.02938,2021,football match annotation,1
2103.04349,2021,markov cricket,1
2103.04349,2021,forward,1
2103.04349,2021,inverse reinforcement learning,1
2103.04349,2021,day international cricket,1
2103.04647,2021,flexible mark spatio-temporal point process,1
2103.04647,2021,event sequence,1
2103.04647,2021,association football,1
2103.05123,2021,deep transfer learning,1
2103.05123,2021,WiFi localization,1
2103.05174,2021,soccer,1
2103.05174,2021,scratch,1
2103.05174,2021,curriculum-learning,1
2103.05174,2021,competition,1
2103.06498,2021,3d human pose,1
2103.06498,2021,shape,1
2103.06498,2021,texture,1
2103.06498,2021,low-resolution images,1
2103.06498,2021,video,1
2103.06939,2021,reinforcement learning base approach,1
2103.06939,2021,football,1
2103.07272,2021,dependence,1
2103.07272,2021,football match outcome,1
2103.07272,2021,traditional model assumption,1
2103.07272,2021,alternative proposal,1
2103.07779,2021,short-live dynamic packages,1
2103.07779,2021,golf booking services,1
2103.07883,2021,multi-view datum capture,1
2103.07883,2021,dynamic object reconstruction,1
2103.07883,2021,handheld augment reality mobile,1
2103.09627,2021,soccer team defense,1
2103.09627,2021,prediction model,1
2103.09627,2021,ball recovery,1
2103.11353,2021,fairness,1
2103.11353,2021,group,1
2103.11353,2021,FIFA world cup,1
2103.12094,2021,modelling intransitivity,1
2103.12094,2021,pairwise comparison,1
2103.12094,2021,baseball datum,1
2103.12940,2021,social robots,1
2103.12940,2021,companion,1
2103.12940,2021,coach,1
2103.13357,2021,stage variable selection approach,1
2103.13357,2021,correlated high dimensional predictors,1
2103.13736,2021,deep similarity learning,1
2103.13736,2021,team ranking,1
2103.14027,2021,USB,1
2103.14027,2021,universal-scale object detection benchmark,1
2103.14666,2021,autonomous overtaking,1
2103.14666,2021,gran turismo,1
2103.14666,2021,curriculum reinforcement learning,1
2103.15704,2021,multilevel functional model,1
2103.15704,2021,biomechanic,1
2103.15704,2021,wearable technology,1
2103.15704,2021,case study,1
2103.15704,2021,knee biomechanics pattern,1
2103.15704,2021,typical training session,1
2103.15704,2021,recreational runner,1
2104.00853,2021,streaming social event detection,1
2104.00853,2021,evolution discovery,1
2104.00853,2021,heterogeneous information networks,1
2104.09231,2021,visual analytic,1
2104.09231,2021,set datum,1
2104.09231,2021,knowledge discovery,1
2104.09231,2021,member selection support,1
2104.02362,2021,underground astronauts,1
2104.02362,2021,sporting science,1
2104.02362,2021,speleology,1
2104.02362,2021,implication,1
2104.02362,2021,HCI,1
2104.02871,2021,critical role,1
2104.02871,2021,conventions,1
2104.02871,2021,adaptive human-AI collaboration,1
2104.03067,2021,quantifying incentive,1
2104.03252,2021,goals,1
2104.03252,2021,pitch,1
2104.03252,2021,soccer,1
2104.04118,2021,understanding,1
2104.04118,2021,situated AR visualization,1
2104.04118,2021,basketball free-throw training,1
2104.05816,2021,linear ordering problem,1
2104.05816,2021,rankability,1
2104.05816,2021,data,1
2104.05931,2021,stage training algorithm,1
2104.05931,2021,AI robot soccer,1
2104.06779,2021,temporally-aware feature pooling,1
2104.06779,2021,action spotting,1
2104.06779,2021,soccer broadcasts,1
2105.00931,2021,GridToPix,1
2105.00931,2021,embodied agents,1
2105.00931,2021,minimal supervision,1
2104.10068,2021,contrastive learning,1
2104.10068,2021,video,1
2104.10068,2021,unsupervised player classification,1
2105.04293,2021,interactive dashboard,1
2105.04293,2021,soccer performance score,1
2104.08568,2021,wide-baseline multi-camera calibration,1
2104.08568,2021,person,1
2104.08568,2021,identification,1
2104.09082,2021,machine-learning-base head impact,1
2104.09082,2021,spectral density,1
2104.09082,2021,measurable head kinematic,1
2104.09333,2021,camera calibration,1
2104.09333,2021,player localization,1
2104.09333,2021,SoccerNet-v2,1
2104.09333,2021,investigation,1
2104.09333,2021,representation,1
2104.09333,2021,action spotting,1
2104.09402,2021,agent-centric representations,1
2104.09402,2021,multi-agent reinforcement learning,1
2104.09907,2021,table tennis stroke recognition,1
2104.09907,2021,dimensional pose estimation,1
2104.10116,2021,detection,1
2104.10116,2021,audio-video synchronization errors via event detection,1
2104.10125,2021,cluster approach,1
2104.10125,2021,european football super league,1
2104.10916,2021,automated tackle injury risk assessment,1
2104.10916,2021,contact-base,1
2104.10916,2021,rugby union example,1
2104.11452,2021,SportsCap,1
2104.11452,2021,monocular 3d human motion capture,1
2104.11452,2021,fine-grain understanding,1
2104.11452,2021,challenging sports video,1
2104.12574,2021,detecting and matching related object,1
2104.12574,2021,proposal multiple prediction,1
2105.00839,2021,elo ratings,1
2105.00839,2021,large tournaments,1
2105.00839,2021,software agents,1
2105.00839,2021,asymmetric games,1
2104.11980,2021,ahead,1
2104.11980,2021,modeling coordinated agents,1
2104.12056,2021,swimmer stroke rate estimation,1
2104.12056,2021,overhead race video,1
2105.00852,2021,real-time autonomous robot,1
2105.00852,2021,object tracking,1
2105.00852,2021,vision system,1
2104.13559,2021,AraStance,1
2104.13559,2021,multi-country,1
2104.13559,2021,multi-domain dataset,1
2104.13559,2021,arabic stance detection,1
2104.13559,2021,fact checking,1
2104.14012,2021,simplify kalman filter,1
2104.14012,2021,online rating,1
2105.00371,2021,diverse athletic jumping strategies,1
2105.00499,2021,curious exploration and return-base memory restoration,1
2105.00499,2021,deep reinforcement learning,1
2105.01226,2021,modelling age-relate change,1
2105.01226,2021,executive function,1
2105.01226,2021,soccer player,1
2105.01468,2021,sentiment and emotion classification,1
2105.01468,2021,epidemic relate bilingual datum,1
2105.01468,2021,social media,1
2105.02824,2021,aware deep cognitive fatigue assessment,1
2105.02824,2021,wearables,1
2105.02138,2021,h-TD2: hybrid temporal difference learning,1
2105.02138,2021,adaptive urban taxi dispatch,1
2105.02769,2021,computer-aided design,1
2105.02769,2021,language,1
2105.03396,2021,double-match matrix decomposition,1
2105.03396,2021,multi-view datum,1
2105.04875,2021,video-base analysis,1
2105.04875,2021,soccer match,1
2105.05787,2021,fast deep learning network,1
2105.05787,2021,automatic image auto-straightening,1
2105.06834,2021,threshold martingales,1
2105.06834,2021,evolution,1
2105.06834,2021,forecast,1
2105.07245,2021,composite localization,1
2105.07245,2021,pose estimation,1
2105.07404,2021,MultiSports,1
2105.07404,2021,multi-person video dataset,1
2105.07404,2021,spatio-temporally localized sports actions,1
2105.08310,2021,BBE,1
2105.08310,2021,microstructural dynamics,1
2105.08310,2021,play betting exchange,1
2105.08310,2021,agent-base modelling,1
2105.09881,2021,poisson modeling,1
2105.10153,2021,pro,1
2105.10153,2021,self training,1
2105.10366,2021,second screens,1
2105.10366,2021,multi-display intelligent living room,1
2105.10700,2021,soccer player tracking,1
2105.10700,2021,low quality video,1
2105.11864,2021,human card selection,1
2105.11864,2021,magic,1
2105.11864,2021,gathering,1
2105.11864,2021,contextual preference ranking,1
2105.12196,2021,motor control,1
2105.12196,2021,team play,1
2105.12196,2021,simulated humanoid football,1
2105.12785,2021,anatomy,1
2105.12785,2021,corner 3s,1
2105.12785,2021,NBA,1
2105.13778,2021,number,1
2105.13778,2021,explainability,1
2105.13778,2021,expected value,1
2105.13778,2021,soccer,1
2106.00002,2021,classification,1
2106.00002,2021,main risk factor,1
2106.00002,2021,stroke,1
2106.00002,2021,shanxi province,1
2106.00003,2021,parallelize computation,1
2106.00003,2021,backpropagation,1
2106.00003,2021,angle-parametrized orthogonal matrices,1
2105.14688,2021,expand audience,1
2105.14688,2021,meta hybrid experts,1
2105.14688,2021,critics,1
2105.14688,2021,recommendation,1
2105.14688,2021,advertising,1
2106.00173,2021,trajectory prediction,1
2106.00173,2021,sparse output,1
2106.00173,2021,team,1
2106.00359,2021,learning football body-orientation,1
2106.00359,2021,matter,1
2106.00359,2021,classification,1
2106.01074,2021,database reasoning,1
2106.01074,2021,text,1
2106.01786,2021,deep learning,1
2106.01786,2021,value defensive actions,1
2106.01786,2021,football event-data,1
2106.01972,2021,information-sparse discourse state tracking collection,1
2106.01972,2021,commentary domain,1
2106.02051,2021,earth mover's pinball loss,1
2106.02051,2021,quantiles,1
2106.02051,2021,histogram-valued regression,1
2106.02112,2021,finding,1
2106.02112,2021,spurious patterns,1
2106.02112,2021,explanation,1
2106.02195,2021,diversity,1
2106.02195,2021,shared multi-agent reinforcement learning,1
2106.05799,2021,hybrid machine learning forecasts,1
2106.05799,2021,UEFA EURO,1
2106.04219,2021,series imputation,1
2106.04219,2021,temporally-occluded multiagent trajectories,1
2106.04408,2021,HieRec,1
2106.04408,2021,hierarchical user interest modeling,1
2106.04408,2021,personalized news recommendation,1
2106.04958,2021,behavioral and response diversity,1
2106.04958,2021,open-ended learning,1
2106.04958,2021,zero-sum games,1
2106.05174,2021,UEFA EURO 2020 forecast,1
2106.05174,2021,nested zero-inflated generalized poisson regression,1
2106.05236,2021,terrain sprayer,1
2106.05236,2021,mower robot,1
2106.05359,2021,special events,1
2106.06909,2021,GigaSpeech,1
2106.06909,2021,"evolving, multi-domain ASR corpus",1
2106.06909,2021,hour,1
2106.06909,2021,transcribed audio,1
2106.12895,2021,rsoccer,1
2106.12895,2021,studying reinforcement learning,1
2106.12895,2021,small and very small size robot soccer,1
2106.08431,2021,assessment,1
2106.08431,2021,subjective and objective quality,1
2106.08431,2021,live streaming sports video,1
2106.09300,2021,multi-level motion attention,1
2106.09300,2021,human motion prediction,1
2106.10060,2021,contrastive learning,1
2106.10060,2021,generalized game representations,1
2106.10365,2021,Scenic4RL,1
2106.10365,2021,programmatic modeling,1
2106.10365,2021,generation,1
2106.10365,2021,reinforcement learning environments,1
2106.10393,2021,dynamical deep generative latent modeling,1
2106.10393,2021,3d skeletal motion,1
2106.11280,2021,arm-swing,1
2106.11280,2021,discriminative,1
2106.11280,2021,video gait recognition,1
2106.11280,2021,athlete,1
2106.11280,2021,identification,1
2106.12666,2021,human activity recognition,1
2106.12666,2021,continuous wavelet transform,1
2106.12666,2021,convolutional neural networks,1
2106.14345,2021,verification,1
2106.14345,2021,probability forecast,1
2106.14345,2021,football outcome,1
2106.14345,2021,decomposition,1
2106.14345,2021,reliability,1
2106.14345,2021,discrimination analysis,1
2106.14447,2021,feature combination,1
2106.14447,2021,attention,1
2106.14447,2021,baidu soccer embeddings,1
2106.14447,2021,transformer,1
2106.14447,2021,temporal detection,1
2106.14617,2021,optimized wireless control and telemetry network,1
2106.14617,2021,mobile soccer robots,1
2106.15110,2021,aware language models,1
2106.15110,2021,temporal knowledge bases,1
2106.15444,2021,play style,1
2106.15444,2021,soccer coach,1
2106.15872,2021,genre determine prediction,1
2106.15872,2021,standard TAM,1
2106.15872,2021,football language,1
2107.01540,2021,persian-WSD-corpus,1
2107.01540,2021,sense annotated corpus,1
2107.01540,2021,persian all-word,1
2107.01540,2021,word sense disambiguation,1
2107.01854,2021,poison attack,1
2107.01854,2021,estimating,1
2107.01854,2021,pairwise comparisons,1
2107.02675,2021,real-time pose estimation,1
2107.02675,2021,images,1
2107.02675,2021,multiple humanoid robots,1
2107.03141,2021,hierarchical text classification,1
2107.03141,2021,urdu news,1
2107.03141,2021,deep neural network,1
2108.05796,2021,goal scoring,1
2108.05796,2021,premier league,1
2108.05796,2021,poisson,1
2107.06495,2021,ggviz: accelerate large-scale esports game analysis,1
2107.07506,2021,adaptable agent populations,1
2107.07506,2021,generative model,1
2107.07506,2021,policies,1
2107.07561,2021,maxwell-poisson,1
2107.07561,2021,sarmanov method,1
2107.07561,2021,doubly-intractable bayesian inference,1
2107.08732,2021,competitive balance,1
2107.08732,2021,english premier league,1
2107.08732,2021,season,1
2107.08732,2021,stochastic block model,1
2107.09255,2021,monocular visual analysis,1
2107.09255,2021,electronic line calling,1
2107.09255,2021,tennis games,1
2107.13132,2021,unsupervised learning,1
2107.13132,2021,neurosymbolic encoder,1
2108.03498,2021,kinematic,1
2108.03498,2021,head impact,1
2108.03498,2021,well traumatic brain injury prediction,1
2108.03936,2021,3d human reconstruction,1
2108.03936,2021,wild,1
2108.03936,2021,collaborative aerial cameras,1
2108.04186,2021,pose,1
2108.04186,2021,group activity recognition system,1
2108.04186,2021,POGARS,1
2108.05575,2021,kicktionary-LOME,1
2108.05575,2021,domain-specific multilingual frame semantic parsing model,1
2108.05575,2021,football language,1
2108.05644,2021,accuracy evaluation shared task,1
2108.06264,2021,gap,1
2108.06264,2021,emotion,1
2108.06264,2021,joint action,1
2108.06432,2021,soccer line mark segmentation,1
2108.06432,2021,classification,1
2108.06432,2021,stochastic watershed transform,1
2108.07329,2021,TUM-VIE,1
2108.07329,2021,TUM stereo visual-inertial event dataset,1
2108.07848,2021,multi-task learning,1
2108.07848,2021,jersey number recognition,1
2108.07848,2021,ice hockey,1
2108.08083,2021,audiences,1
2108.08083,2021,live-streaming game,1
2108.08083,2021,highlight-base bullet comment,1
2108.08362,2021,STAR,1
2108.08362,2021,noisy semi-supervised transfer learning,1
2108.08362,2021,visual classification,1
2108.09215,2021,video ads content,1
2108.09215,2021,combining scene confidence prediction,1
2108.09215,2021,tagging,1
2108.09478,2021,imitation,1
2108.09478,2021,reinforcement learning,1
2108.09478,2021,bot bowl,1
2108.10125,2021,machine learning approaches,1
2108.10125,2021,player performance,1
2108.10125,2021,match results,1
2108.10125,2021,prediction,1
2108.11149,2021,unified taxonomy,1
2108.11149,2021,multimodal dataset,1
2108.11149,2021,event,1
2108.11149,2021,invasion games,1
2108.12630,2021,GroupFormer,1
2108.12630,2021,group activity recognition,1
2108.12630,2021,clustered spatial-temporal transformer,1
2108.12809,2021,rUNSWift SPL field segmentation dataset,1
2108.13577,2021,brain strain,1
2108.13577,2021,rate,1
2108.13577,2021,head impact type,1
2108.13577,2021,transfer learning,1
2108.13577,2021,data fusion,1
2109.00378,2021,truncated mean-parameterise conway-maxwell-poisson model,1
2109.00378,2021,test match bowler,1
2109.01305,2021,video pose distillation,1
2109.01305,2021,shot,1
2109.01305,2021,fine-grained sports action recognition,1
2109.13334,2021,artificial sport trainer,1
2109.13334,2021,practice,1
2109.03100,2021,optimal stroke learning,1
2109.03100,2021,policy gradient approach,1
2109.03100,2021,robotic table tennis,1
2109.04720,2021,6MapNet,1
2109.04720,2021,represent soccer player,1
2109.04720,2021,datum,1
2109.04720,2021,triplet network,1
2109.07581,2021,impact,1
2109.07581,2021,COVID-19,1
2109.07581,2021,betting market,1
2109.05280,2021,player form,1
2109.05280,2021,MLB,1
2109.05686,2021,spatial and semantic consistency regularizations,1
2109.05686,2021,pedestrian attribute recognition,1
2109.07570,2021,outcome,1
2109.07570,2021,team movement,1
2109.07570,2021,player time series analysis,1
2109.07570,2021,fuzzy and deep method,1
2109.07570,2021,representation learning,1
2109.06431,2021,long short-term dependencies,1
2109.06431,2021,infer shot influence,1
2109.06431,2021,badminton matches,1
2109.06625,2021,optimize action,1
2109.06625,2021,critical situation,1
2109.06625,2021,soccer game,1
2109.06625,2021,deep reinforcement learning,1
2109.07307,2021,expertise,1
2109.08051,2021,frame,1
2109.08051,2021,frame completion probability,1
2109.08051,2021,NFL pass,1
2109.09287,2021,park factor estimation improvement,1
2109.09287,2021,pairwise comparison method,1
2109.09412,2021,temporal information,1
2109.09412,2021,entailment graph mining,1
2109.12990,2021,optimal team economic decisions,1
2109.12990,2021,counter,1
2109.12990,2021,strike,1
2110.00001,2021,relative importance,1
2110.00001,2021,ability,1
2110.00001,2021,luck,1
2110.00001,2021,motivation,1
2110.00001,2021,team,1
2110.00001,2021,bayesian model,1
2110.00001,2021,english rugby premiership,1
2109.13517,2021,search,1
2109.13517,2021,peak human athletic potential,1
2109.13743,2021,BTL model,1
2109.13743,2021,nearest neighbor,1
2109.13743,2021,rank centrality method,1
2109.13785,2021,uniformity,1
2109.13785,2021,group,1
2109.13785,2021,tournament,1
2109.14306,2021,stream 3D/1D CNN,1
2109.14306,2021,fine-grained action classification,1
2109.14306,2021,segmentation,1
2109.14306,2021,table tennis,1
2110.01395,2021,prediction,1
2110.01395,2021,IPL match outcome,1
2110.01395,2021,machine learning techniques,1
2110.00115,2021,sequential forecasters,1
2110.01442,2021,review,1
2110.01442,2021,generative adversarial networks,1
2110.01442,2021,GAN,1
2110.01442,2021,wide variety,1
2110.01442,2021,discipline,1
2110.01442,2021,medical,1
2110.01442,2021,remote sensing,1
2110.00755,2021,explainable event recognition,1
2110.01527,2021,markov process approach,1
2110.01527,2021,intention,1
2110.01527,2021,execution,1
2110.01527,2021,tennis,1
2110.03873,2021,representation,1
2110.03873,2021,profession,1
2110.03873,2021,entertainment medium,1
2110.03873,2021,insight,1
2110.03873,2021,frequency,1
2110.03873,2021,sentiment trend,1
2110.03873,2021,computational text analysis,1
2110.04321,2021,optimal pitching strategy,1
2110.04321,2021,baseball at-bat,1
2110.04507,2021,TiKick,1
2110.04507,2021,multi-agent football full games,1
2110.04507,2021,single-agent demonstration,1
2110.05092,2021,adaptive multi,1
2110.05092,2021,3d pose estimation,1
2110.05362,2021,discourse coherence theory,1
2110.05362,2021,cross document coreference,1
2110.05750,2021,high-quality sports news,1
2110.05750,2021,live text commentary,1
2110.08257,2021,c-AllOut,1
2110.08257,2021,catching,1
2110.08257,2021,calling,1
2110.08257,2021,outliers,1
2110.08257,2021,type,1
2110.06805,2021,assist news medium editor,1
2110.06805,2021,cohesive visual storylines,1
2110.08094,2021,jurassic,1
2110.08094,2021,shot meaning,1
2110.08094,2021,text generation,1
2110.08094,2021,open-domain dialogue,1
2110.08169,2021,containerized distribute value-base multi-agent reinforcement learning,1
2110.11107,2021,extraction,1
2110.11107,2021,positional player data,1
2110.11107,2021,broadcast soccer video,1
2110.13505,2021,extraction,1
2110.13505,2021,deep understanding,1
2110.13505,2021,quantitative fact,1
2110.13505,2021,percentages,1
2110.13505,2021,text,1
2110.13641,2021,effect,1
2110.13641,2021,restriction,1
2110.13641,2021,knockout tournament,1
2110.14116,2021,data-drive decomposition,1
2110.14116,2021,brain dynamic,1
2110.14116,2021,principal component analysis,1
2110.14116,2021,type,1
2110.14116,2021,head impact,1
2110.14632,2021,heterogeneous effects,1
2110.14632,2021,software patches,1
2110.14632,2021,multiplayer online battle arena game,1
2111.01029,2021,motion guided video synthesis,1
2111.01029,2021,action interpolation,1
2111.02859,2021,large scale diverse combinatorial optimization,1
2111.02859,2021,ESPN fantasy football player trades,1
2111.02874,2021,deep artificial intelligence,1
2111.02874,2021,fantasy football language understanding,1
2111.04085,2021,modelling,1
2111.04085,2021,optimisation,1
2111.04085,2021,resource usage,1
2111.04085,2021,IoT,1
2111.04085,2021,smart campus,1
2111.04178,2021,convergence,1
2111.04178,2021,nash equilibrium,1
2111.04178,2021,team zero-sum game,1
2111.04525,2021,d-flow,1
2111.04525,2021,real time spatial temporal model,1
2111.04525,2021,target area segmentation,1
2111.05333,2021,human activities,1
2111.05333,2021,inertial sensor,1
2111.05333,2021,machine learning approach,1
2111.05310,2021,examination,1
2111.05310,2021,olympic sport climbing competition format and scoring system,1
2111.05631,2021,dominance,1
2111.05631,2021,multiple-output bayesian quantile regression model,1
2111.06449,2021,gran turismo,1
2111.06449,2021,deep reinforcement learning,1
2111.06449,2021,image-base representation,1
2111.06633,2021,employment,1
2111.06633,2021,tourism industries,1
2111.06633,2021,subsectors,1
2111.06633,2021,potentially high level,1
2111.06633,2021,income,1
2112.03005,2021,multi-class and automated tweet categorization,1
2111.08140,2021,bayesian inference,1
2111.08140,2021,climb grade scale,1
2111.08565,2021,polymatrix competitive gradient descent,1
2111.09695,2021,feature selection,1
2111.09695,2021,NBA outcome prediction,1
2111.09695,2021,deep learning,1
2111.11535,2021,ice hockey player identification,1
2111.11535,2021,transformer,1
2111.12340,2021,football,1
2111.12340,2021,real-world football strategy,1
2111.12535,2021,knowledge enhanced sports game summarization,1
2111.13233,2021,supervision,1
2111.13233,2021,subtle key region,1
2112.00627,2021,DeepSportLab,1
2112.00627,2021,unified framework,1
2112.00627,2021,ball detection,1
2112.00627,2021,player instance segmentation,1
2112.00627,2021,pose estimation,1
2112.00627,2021,team sports scenes,1
2112.01044,2021,ShuttleNet,1
2112.01044,2021,position-aware fusion,1
2112.01044,2021,rally progress,1
2112.01044,2021,player styles,1
2112.01044,2021,stroke forecasting,1
2112.01044,2021,badminton,1
2112.01267,2021,bradley-terry modeling,1
2112.01267,2021,multiple game outcomes,1
2112.01267,2021,applications,1
2112.01267,2021,college hockey,1
2112.02058,2021,fast-speed and high-accuracy WIFI positioning,1
2112.02058,2021,intelligent stadiums,1
2112.02637,2021,live video streaming,1
2112.02637,2021,real-time classification,1
2112.02637,2021,QoE inference,1
2112.02637,2021,field evaluation,1
2112.03354,2021,view,1
2112.03354,2021,immersive analytics,1
2112.03354,2021,situated visual searching,1
2112.04216,2021,versatile skill libraries,1
2112.04216,2021,local mixture,1
2112.04216,2021,expert,1
2112.05892,2021,COMPOSER,1
2112.05892,2021,compositional reasoning,1
2112.05892,2021,group,1
2112.05892,2021,videos,1
2112.05892,2021,keypoint-only modality,1
2112.06048,2021,behavior measure,1
2112.06048,2021,individual's brain,1
2201.05249,2021,empirical study,1
2201.05249,2021,squares ratings,1
2201.05249,2021,USA ultimate frisbee,1
2112.08198,2021,single image,1
2112.08198,2021,automatic radial distortion compensation,1
2112.08198,2021,deep convolutional network,1
2112.08409,2021,quantum model learning agent,1
2112.08409,2021,characterisation,1
2112.08409,2021,quantum system,1
2112.08409,2021,machine learning,1
2112.11384,2021,video,1
2112.11384,2021,fine-grained action detection,1
2112.11384,2021,classification,1
2112.11384,2021,table tennis strokes,1
2112.11384,2021,videos,1
2112.11384,2021,MediaEval,1
2112.12073,2021,stream network,1
2112.12073,2021,stroke detection,1
2112.12073,2021,table tennis,1
2112.12074,2021,spatio-temporal CNN baseline method,1
2112.12074,2021,video task,1
2112.12074,2021,MediaEval,1
2112.09172,2021,audio-visual dataset,1
2112.09172,2021,deep learning frameworks,1
2112.09172,2021,crowded scene classification,1
2112.09647,2021,video-base reconstruction,1
2112.09647,2021,trajectories performed,1
2112.09647,2021,skier,1
2112.10347,2021,comprehensive performance evaluation,1
2112.10347,2021,LID practices,1
2112.10347,2021,sponge city construction,1
2112.10347,2021,case study,1
2112.10347,2021,guangxi,1
2201.00691,2021,evaluation,1
2201.00691,2021,path,1
2112.10909,2021,spatiotemporal motion synchronization,1
2112.10909,2021,snowboard big air,1
2112.11262,2021,retrodictive modelling,1
2112.11262,2021,modern rugby union,1
2112.11262,2021,extension,1
2112.11262,2021,bradley-terry,1
2112.11262,2021,multiple outcomes,1
2112.12478,2021,hierarchical multi-building and multi-floor indoor localization,1
2112.12478,2021,recurrent neural networks,1
2112.13001,2021,forecasting number,1
2112.13001,2021,corner kick,1
2112.13001,2021,association football,1
2112.13001,2021,compound poisson distribution,1
2201.01168,2021,pythagorean,1
2201.01168,2021,cross-validation methods,1
2201.01168,2021,estimating team quality,1
2201.00467,2022,small objects,1
2201.00467,2022,presence,1
2201.00467,2022,large background motion,1
2201.02503,2022,review,1
2201.02503,2022,deep learning techniques,1
2201.02503,2022,markerless human motion,1
2201.02503,2022,synthetic datasets,1
2201.04024,2022,smart director,1
2201.04024,2022,event-driven directing system,1
2201.04024,2022,live broadcasting,1
2201.04480,2022,elo ratings,1
2201.07594,2022,real-time recognition,1
2201.07594,2022,yoga pose,1
2201.07594,2022,computer vision,1
2201.07594,2022,smart health care,1
2201.08688,2022,physical activity recognition,1
2201.08688,2022,smartphone sensor signals,1
2201.09077,2022,LTC-GIF,1
2201.09077,2022,click,1
2201.09077,2022,feature-length sports video,1
2201.11533,2022,transfer portal,1
2201.11533,2022,impact,1
2201.11533,2022,player transfer,1
2201.11533,2022,soccer,1
2201.12592,2022,exact decomposition,1
2201.12592,2022,joint low rankness,1
2201.12592,2022,local smoothness plus sparse matrices,1
2202.00210,2022,INPUT team description paper,1
2202.00211,2022,global rankings,1
2202.00211,2022,pairwise comparisons,1
2202.00211,2022,directed graph neural networks,1
2202.00583,2022,statistical model,1
2202.00583,2022,serve return impact patterns,1
2202.00583,2022,professional tennis,1
2202.00804,2022,automatic event detection,1
2202.00804,2022,football,1
2202.00804,2022,tracking datum,1
2202.01031,2022,MMSys'22 grand challenge,1
2202.01031,2022,AI-base video production,1
2202.01031,2022,soccer,1
2202.03726,2022,cyrus 2d simulation team description paper,1
2202.04072,2022,latent gaze information,1
2202.04072,2022,highly dynamic decision-task,1
2202.03807,2022,indy autonomous challenge,1
2202.03807,2022,autonomous race car,1
2202.03807,2022,handling limits,1
2202.04013,2022,anomalous trades,1
2202.04013,2022,NFT markets,1
2202.04013,2022,case,1
2202.04013,2022,NBA topshot,1
2202.04101,2022,Face2PPG,1
2202.04101,2022,unsupervised pipeline,1
2202.04101,2022,blood volume,1
2202.04101,2022,pulse extraction,1
2202.04101,2022,face,1
2203.00001,2022,AI-base approach,1
2203.00001,2022,detection,1
2203.00001,2022,blood doping,1
2202.05382,2022,knee radiograph,1
2202.05382,2022,knee joint area,1
2202.05382,2022,deep CNN adventure,1
2202.05403,2022,temporal rules,1
2202.05403,2022,noisy timeseries data,1
2202.05728,2022,transformer,1
2202.05728,2022,semantics-relate loss,1
2202.05728,2022,multi-level evaluation,1
2203.01374,2022,personal data visualisation,1
2203.01374,2022,mobile devices,1
2203.01374,2022,systematic literature review,1
2202.09102,2022,sex and stroke success,1
2202.09102,2022,computer-aid player grunt analysis,1
2202.09102,2022,tennis matches,1
2202.11204,2022,feature importance,1
2202.11204,2022,quantum machine learning models,1
2202.10287,2022,domain adaptation,1
2202.10287,2022,neural machine translation,1
2202.10287,2022,qualia-enrich FrameNet,1
2202.10881,2022,coordinate-align multi-camera collaboration,1
2202.10881,2022,active multi-object tracking,1
2202.12259,2022,pros,1
2202.12259,2022,professional goalkeeper technique,1
2202.12259,2022,broadcast footage,1
2203.00734,2022,football player jersey number,1
2203.00734,2022,synthetic datum,1
2203.01111,2022,large-scale hate speech detection,1
2203.01111,2022,cross-domain transfer,1
2203.02281,2022,comprehensive review,1
2203.02281,2022,computer vision,1
2203.02281,2022,open issue,1
2203.02281,2022,future trends,1
2203.02281,2022,research directions,1
2203.03532,2022,nonparametric framework,1
2203.03532,2022,sequential change detection,1
2203.03990,2022,skating-mixer,1
2203.03990,2022,long-term sport audio-visual modeling,1
2203.03990,2022,MLP,1
2203.07029,2022,SuperCone,1
2203.07029,2022,unified user segmentation,1
2203.07029,2022,heterogeneous experts,1
2203.07029,2022,concept meta-learning,1
2203.05566,2022,SUPERNOVA,1
2203.05566,2022,automating,1
2203.05566,2022,test selection,1
2203.05566,2022,defect prevention,1
2203.05566,2022,AAA video games,1
2203.05566,2022,risk,1
2203.05566,2022,testing,1
2203.05566,2022,machine learning,1
2203.05285,2022,curse,1
2203.05285,2022,dimensionality,1
2203.05285,2022,multiagent state space,1
2203.07033,2022,CNN kernels,1
2203.07033,2022,videos,1
2203.07033,2022,tucker decompositions,1
2203.07033,2022,lightweight CNN application,1
2203.06933,2022,soccer,1
2203.06933,2022,quantitative analysis,1
2203.06933,2022,team resilience,1
2203.06933,2022,miracle,1
2203.06933,2022,bern,1
2203.07364,2022,supervised learning approach,1
2203.07364,2022,rankability,1
2203.07531,2022,UEFA EURO,1
2203.07531,2022,pure game,1
2203.07531,2022,chance,1
2203.08489,2022,bayesian analysis,1
2203.08489,2022,formula one race result,1
2203.08489,2022,driver skill,1
2203.08489,2022,constructor advantage,1
2203.09128,2022,dependency,1
2203.09128,2022,data flow,1
2203.09128,2022,competitive advantage,1
2203.09193,2022,database,1
2203.09193,2022,indian social media influencers,1
2203.09193,2022,twitter,1
2203.13263,2022,precipitaion nowcasting,1
2203.13263,2022,deep neural network,1
2204.09660,2022,medical dataset classification,1
2204.09660,2022,kurdish short text,1
2204.09660,2022,social medium,1
2203.14782,2022,handwriting tasks' analysis,1
2203.14782,2022,fatigue,1
2203.16442,2022,reliability,1
2203.16442,2022,validity,1
2203.16442,2022,polar v800 sports watch,1
2203.16442,2022,vertical jump height,1
2204.00003,2022,ball 3d localization,1
2204.00003,2022,single calibrate image,1
2203.17048,2022,group,1
2203.17048,2022,unknown qualified team,1
2203.17048,2022,lesson,1
2203.17048,2022,FIFA world cup,1
2204.00429,2022,sense disambiguation,1
2204.00429,2022,compound constituent,1
2204.00734,2022,SkeleVision,1
2204.00734,2022,adversarial resiliency,1
2204.00734,2022,multi-task learning,1
2204.00896,2022,equity,1
2204.00896,2022,diversity,1
2204.00896,2022,inclusion,1
2204.00896,2022,analytic,1
2204.00961,2022,digital health services,1
2204.00961,2022,machine learning approach,1
2204.00961,2022,personalized exercise,1
2204.01899,2022,MonoTrack: shuttle trajectory reconstruction,1
2204.01899,2022,monocular badminton video,1
2204.02402,2022,black box prediction methods,1
2204.02402,2022,medicine,1
2204.02402,2022,red card,1
2204.02402,2022,reckless practice,1
2204.02402,2022,change,1
2204.02402,2022,tactics,1
2204.02402,2022,advance athlete care,1
2204.02139,2022,detector-free weakly supervised group activity recognition,1
2204.02148,2022,dual-AI: dual-path actor interaction learning,1
2204.02148,2022,group activity recognition,1
2204.02313,2022,effort,1
2204.02313,2022,understanding,1
2204.02313,2022,contextualizing physical metric,1
2204.02313,2022,soccer,1
2204.02573,2022,soccer match event,1
2204.02573,2022,highlight,1
2204.02573,2022,computer vision,1
2204.03646,2022,fine-grain dataset,1
2204.03646,2022,procedure-aware action quality assessment,1
2204.04049,2022,efficient tracking,1
2204.04049,2022,team sport player,1
2204.04049,2022,game-specific annotation,1
2204.04143,2022,optical tracking,1
2204.04143,2022,team,1
2204.04687,2022,MA-dreamer: coordination,1
2204.04687,2022,communication,1
2204.04687,2022,share imagination,1
2204.08460,2022,3d convolutional networks,1
2204.08460,2022,action recognition,1
2204.08460,2022,gesture recognition,1
2204.06859,2022,semi-supervised training,1
2204.06859,2022,player and ball detection,1
2204.06859,2022,soccer,1
2204.06918,2022,SoccerNet-tracking,1
2204.06918,2022,multi-object tracking dataset,1
2204.06918,2022,soccer videos,1
2204.08573,2022,training,1
2204.08573,2022,evaluation,1
2204.08573,2022,deep policies,1
2204.08573,2022,reinforcement learning and generative models,1
2204.08805,2022,PoseCoach,1
2204.08805,2022,customizable analysis and visualization system,1
2204.08805,2022,video-base running coaching,1
2204.09232,2022,visual-base positioning,1
2204.09232,2022,pose estimation,1
2204.09271,2022,survey,1
2204.09271,2022,video-base action quality assessment,1
2204.09793,2022,football player,1
2204.09793,2022,performance datum,1
2204.09793,2022,cluster validity index,1
2204.09996,2022,computational design,1
2204.09996,2022,kinesthetic garments,1
2204.11142,2022,graph neural network,1
2204.11142,2022,agent,1
2204.11142,2022,google research football,1
2204.11777,2022,bayesian estimation,1
2204.11777,2022,game,1
2204.11777,2022,probability,1
2204.11777,2022,college basketball,1
2204.13809,2022,automated player identification,1
2204.13809,2022,indexing,1
2204.13809,2022,stage deep learning network,1
2204.12093,2022,news,1
2204.12093,2022,precise multi-LSTM network,1
2204.12093,2022,BERT,1
2205.03238,2022,ultra-sensitive flexible sponge-sensor array,1
2205.03238,2022,muscle activities detection,1
2205.03238,2022,human limb motion recognition,1
2205.00254,2022,PGD,1
2205.00254,2022,large-scale professional go dataset,1
2205.00254,2022,data-drive analytic,1
2205.00694,2022,multi-stage deep architecture,1
2205.00694,2022,summary generation,1
2205.00694,2022,soccer video,1
2205.02437,2022,image features influence reaction,1
2205.02437,2022,learn probabilistic perceptual model,1
2205.02437,2022,saccade latency,1
2205.02561,2022,LDSA,1
2205.02561,2022,dynamic subtask assignment,1
2205.02561,2022,cooperative multi-agent reinforcement learning,1
2205.02731,2022,player's playing style,1
2205.02731,2022,player vectors,1
2205.02731,2022,playing position,1
2205.02731,2022,chinese football super league,1
2205.02977,2022,deep stride length estimation,1
2205.02977,2022,self-supervised learning,1
2205.03114,2022,arabic fake news detection,1
2205.03114,2022,deep contextualized embed model,1
2205.03555,2022,multi-target active object,1
2205.03555,2022,monte carlo tree search and target motion modeling,1
2205.04172,2022,world,1
2205.04172,2022,best model,1
2205.04172,2022,online behavior selection,1
2205.04173,2022,nested zero inflated generalized poisson regression,1
2205.04173,2022,FIFA world cup,1
2205.04343,2022,fatigue prediction,1
2205.04343,2022,outdoor running conditions,1
2205.04343,2022,audio datum,1
2205.05359,2022,local explanations,1
2205.05359,2022,nonlinear models,1
2205.05359,2022,animated linear projections,1
2205.06578,2022,football group draw probabilities,1
2205.06578,2022,corrections,1
2205.07193,2022,home field advantage matter,1
2205.07193,2022,soccer games,1
2205.07193,2022,causal inference approach,1
2205.07193,2022,english premier league analysis,1
2205.09878,2022,real time multi-object detection,1
2205.09878,2022,helmet safety,1
2205.09918,2022,multidimensional heterogeneity,1
2205.09918,2022,count value tensor datum,1
2205.09918,2022,goal,1
2205.09918,2022,NBA player,1
2205.10450,2022,temporally precise action spotting,1
2205.10450,2022,soccer videos,1
2205.10450,2022,dense detection anchors,1
2205.10746,2022,athlete rating,1
2205.10746,2022,multi-competitor game,1
2205.10746,2022,score outcome,1
2205.10746,2022,monotone transformation,1
2205.10953,2022,CYRUS soccer simulation 2d team description paper,1
2205.13220,2022,DGSVis,1
2205.13220,2022,visual analysis,1
2205.13220,2022,hierarchical snapshots,1
2205.13220,2022,dynamic graph,1
2205.13662,2022,explaining,1
2205.13662,2022,preferences,1
2205.13662,2022,shapley value,1
2205.14953,2022,multi-agent reinforcement learning,1
2205.14953,2022,sequence modeling problem,1
2206.01038,2022,survey,1
2206.01038,2022,video action recognition,1
2206.01038,2022,methods,1
2206.01038,2022,applications,1
2206.02562,2022,floodlight,1
2206.02562,2022,"high-level, data-drive sport analytic framework",1
2206.01871,2022,effect,1
2206.01871,2022,team hit strategies,1
2206.01871,2022,counterfactual virtual simulation,1
2206.01871,2022,baseball,1
2206.01899,2022,evaluation,1
2206.01899,2022,scoring opportunity,1
2206.01899,2022,teammate,1
2206.01899,2022,soccer,1
2206.01899,2022,trajectory prediction,1
2206.01900,2022,counterfactual treatment outcome,1
2206.01900,2022,complex multiagent scenario,1
2206.02310,2022,CYRUS soccer simulation 2d team description paper,1
2206.02373,2022,identification,1
2206.02373,2022,players,1
2206.02373,2022,broadcast video,1
2206.02373,2022,team,1
2206.03390,2022,gender bias,1
2206.03390,2022,word embedding,1
2206.03390,2022,comprehensive analysis,1
2206.03390,2022,frequency,1
2206.03390,2022,syntax,1
2206.03390,2022,semantics,1
2206.03961,2022,head,1
2206.03961,2022,tie-breaker and consequent opportunity,1
2206.03961,2022,collusion,1
2206.06490,2022,learning,1
2206.06490,2022,task-independent game state representations,1
2206.06490,2022,unlabeled images,1
2206.07212,2022,explainable expect goal model,1
2206.07212,2022,performance analysis,1
2206.07212,2022,football analytic,1
2206.07505,2022,common practices,1
2206.07505,2022,cooperative multi-agent reinforcement learning,1
2206.07930,2022,use,1
2206.07930,2022,kernel density estimation,1
2206.07930,2022,spatial trend,1
2206.07930,2022,possession,1
2206.07930,2022,rugby league,1
2206.08632,2022,privileged information,1
2206.08632,2022,zero-shot action recognition,1
2206.09083,2022,universal behavior,1
2206.09083,2022,opponent statistics,1
2206.09083,2022,applications,1
2206.09083,2022,MLB,1
2206.09258,2022,explainable model,1
2206.09258,2022,outcome,1
2206.09258,2022,volleyball match,1
2206.09613,2022,run tracking application features,1
2206.09613,2022,potential impact,1
2206.09613,2022,recreational runner's intrinsic motivation,1
2206.09654,2022,performance prediction,1
2206.09654,2022,major league baseball,1
2206.09654,2022,long short-term memory networks,1
2206.10720,2022,team performance,1
2206.10720,2022,spatial temporal graph convolutional networks,1
2206.11258,2022,ranking problem library,1
2206.11258,2022,RPLIB,1
2206.11258,2022,data-orient perspective,1
2206.10926,2022,formation,1
2206.10926,2022,role change-point detection,1
2206.10926,2022,soccer matches,1
2206.10926,2022,spatiotemporal tracking data,1
2206.11335,2022,video analytics,1
2206.11335,2022,elite soccer,1
2206.11335,2022,distributed computing perspective,1
2206.11578,2022,doubly-online changepoint detection,1
2206.11578,2022,health status,1
2207.05691,2022,MuSe 2022 multimodal sentiment analysis challenge,1
2207.05691,2022,humor,1
2207.05691,2022,emotional reaction,1
2207.05691,2022,stress,1
2206.13246,2022,prediction,1
2206.13246,2022,football player value,1
2206.13246,2022,bayesian ensemble approach,1
2206.13222,2022,ML-base approach,1
2206.13222,2022,NFL defensive pass interference prediction,1
2206.13222,2022,GPS tracking datum,1
2206.12716,2022,data pattern,1
2206.12716,2022,runner' career,1
2206.13114,2022,dynamic-group-aware networks,1
2206.13114,2022,multi-agent trajectory prediction,1
2206.13114,2022,relational reasoning,1
2206.13580,2022,multiple type,1
2206.13580,2022,pairwise comparison,1
2207.00585,2022,ulnar collateral ligament injury,1
2207.00585,2022,rookie major league baseball pitchers,1
2207.01455,2022,dynamic ranking and translation synchronization,1
2207.01791,2022,deep cascade,1
2207.01791,2022,ensemble,1
2207.01791,2022,dual domain network,1
2207.01791,2022,gradient-base t1 assistance,1
2207.01791,2022,perceptual refinement,1
2207.01791,2022,fast MRI reconstruction,1
2207.02316,2022,general framework,1
2207.02316,2022,event importance,1
2207.02316,2022,multi-event contest,1
2207.03428,2022,SC2EGSet,1
2207.03428,2022,StarCraft II esport replay and game-state dataset,1
2207.04174,2022,multimodal vision-language models,1
2207.04174,2022,generating non-generic text,1
2207.05114,2022,bayesian estimation,1
2207.05114,2022,game,1
2207.05114,2022,probability,1
2207.05114,2022,national basketball association game,1
2207.05133,2022,overview,1
2207.05133,2022,shared task,1
2207.05133,2022,fake news detection,1
2207.05133,2022,urdu,1
2207.05133,2022,FIRE,1
2207.05254,2022,hunt group clues,1
2207.05254,2022,transformers,1
2207.05254,2022,social group activity recognition,1
2207.11143,2022,global optimality,1
2207.11143,2022,cooperative MARL,1
2207.11143,2022,transformation and distillation framework,1
2207.10799,2022,college spread,1
2207.10799,2022,COVID-19,1
2207.10799,2022,ohio,1
2207.05798,2022,subjective and objective quality assessment,1
2207.05798,2022,high-motion sports videos,1
2207.05798,2022,low-bitrate,1
2207.05845,2022,estimate external forces,1
2207.05845,2022,human motion,1
2207.05845,2022,video,1
2207.06235,2022,entry-flip transformer,1
2207.06235,2022,inference,1
2207.06235,2022,prediction,1
2207.06235,2022,participant behavior,1
2207.06572,2022,reinforcement learning,1
2207.06572,2022,robotic policies,1
2207.06572,2022,tight human-robot interaction loops,1
2207.07835,2022,dynamic bipedal maneuvers,1
2207.07835,2022,real,1
2207.08635,2022,GOAL,1
2207.08635,2022,benchmarke few-shot sports game summarization,1
2207.09851,2022,embedded monocular vision approach,1
2207.09851,2022,ground-aware objects detection and position estimation,1
2207.10213,2022,"temporally precise, fine-grain event",1
2207.10213,2022,video,1
2207.11332,2022,baseball player,1
2207.11332,2022,era,1
2207.11332,2022,house modeling,1
2207.11361,2022,machine learning modeling,1
2207.11361,2022,value,1
2207.11361,2022,football players,1
2207.11709,2022,TVCalib,1
2207.11709,2022,camera calibration,1
2207.11709,2022,field registration,1
2207.11709,2022,soccer,1
2207.11893,2022,overview,1
2207.11893,2022,shared task,1
2207.11893,2022,fake news detection,1
2207.11893,2022,urdu,1
2207.11893,2022,FIRE,1
2207.12406,2022,UrduFake@FIRE2020,1
2207.12406,2022,share track,1
2207.12406,2022,fake news identification,1
2207.12406,2022,urdu,1
2207.12710,2022,active learning,1
2207.12710,2022,ordinal embeddings,1
2207.12710,2022,user study,1
2207.12710,2022,football datum,1
2207.12730,2022,dense action detection,1
2207.12730,2022,table tennis match broadcasting video,1
2207.13749,2022,nutzungsverhalten und funktionsanforderungen digitaler trainingsanwendungen,1
2207.13749,2022,der pandemie,1
2207.13770,2022,interactive analysis,1
2207.13770,2022,probabilistic model output,1
2207.14124,2022,outcomes,1
2207.14470,2022,significant change,1
2207.14470,2022,EEG neural oscillation,1
2207.14470,2022,phase,1
2207.14470,2022,dimensional multi-object tracking task,1
2207.14470,2022,3d-MOT,1
2207.14470,2022,role,1
2207.14470,2022,attention,1
2207.14470,2022,work memory,1
2208.00174,2022,density curvature,1
2208.00671,2022,RASIPAM,1
2208.00671,2022,interactive pattern mining,1
2208.00671,2022,multivariate event sequences,1
2208.00671,2022,racket,1
2208.01100,2022,dyadic movement synchrony estimation,1
2208.01100,2022,privacy-preserve condition,1
2208.01160,2022,hierarchical reinforcement learning,1
2208.01160,2022,precise soccer shooting skills,1
2208.01160,2022,quadrupedal robot,1
2208.01876,2022,smartphone sensor,1
2208.01876,2022,abnormal gait,1
2208.01876,2022,smart wearable mobile technologies,1
2208.02509,2022,heart rate estimation,1
2208.02509,2022,intense exercise,1
2208.02509,2022,video,1
2208.03492,2022,strategy evaluation,1
2208.03492,2022,stratified analysis,1
2208.03492,2022,propensity score,1
2208.04897,2022,video analysis,1
2208.04897,2022,large-scale datum,1
2208.05641,2022,automated key-point detection,1
2208.05641,2022,images,1
2208.05641,2022,partial pool view,1
2208.05662,2022,gear,1
2208.05662,2022,black mirror,1
2208.05662,2022,inferring political,1
2208.05662,2022,non-political content,1
2208.07929,2022,ViT-ReT,1
2208.07929,2022,vision,1
2208.07929,2022,recurrent transformer neural networks,1
2208.07929,2022,human activity recognition,1
2208.07929,2022,videos,1
2208.08190,2022,DeepSportradar-v1,1
2208.08190,2022,computer vision dataset,1
2208.08190,2022,understanding,1
2208.08190,2022,high quality annotations,1
2208.08598,2022,conformal win probability,1
2208.08598,2022,winner,1
2208.08598,2022,cancelled 2020 NCAA basketball tournaments,1
2208.10660,2022,interaction modeling,1
2208.10660,2022,multiplex attention,1
2208.11191,2022,cumulative race time regression,1
2208.11191,2022,ultra-distance run event,1
2208.11230,2022,attention,1
2208.11230,2022,curtain,1
2208.12646,2022,automatic detection,1
2208.12646,2022,fault,1
2208.12646,2022,race,1
2208.12646,2022,smartphone camera,1
2208.12646,2022,comparison,1
2208.12646,2022,olympic medalist,1
2208.12646,2022,university athlete,1
2209.00451,2022,group activity recognition,1
2209.00451,2022,basketball tracking data,1
2209.00451,2022,neural embeddings,1
2209.00451,2022,team,1
2209.00451,2022,NETS,1
2209.00202,2022,quest,1
2209.00202,2022,omniocular,1
2209.00202,2022,embed visualization,1
2209.00202,2022,basketball game viewing experiences,1
2209.00838,2022,need,1
2209.00838,2022,challenges,1
2209.00838,2022,personal data visualisations,1
2209.00838,2022,mobile health apps,1
2209.00838,2022,user survey,1
2209.02623,2022,multiscale major factor selection,1
2209.02623,2022,complex system datum,1
2209.02623,2022,structural dependency,1
2209.02623,2022,heterogeneity,1
2209.03434,2022,videos,1
2209.03434,2022,natural language,1
2209.03882,2022,valuing,1
2209.03882,2022,players,1
2209.04284,2022,small and fast moving object,1
2209.04796,2022,pursuit,1
2209.04796,2022,modern multi-object tracking systems,1
2209.05649,2022,social-PatteRNN: socially-aware trajectory prediction guided,1
2209.05649,2022,motion patterns,1
2209.05742,2022,tale,1
2209.05742,2022,HodgeRank,1
2209.05742,2022,spectral method,1
2209.05742,2022,target attack,1
2209.05742,2022,rank aggregation,1
2209.05742,2022,fixed point,1
2209.05742,2022,adversarial game,1
2209.06346,2022,prediction,1
2209.06346,2022,outcome,1
2209.06346,2022,twenty-20 cricket match,1
2209.06346,2022,machine learning approach,1
2209.06999,2022,data science approach,1
2209.06999,2022,win fantasy cricket team dream,1
2209.06999,2022,fantasy,1
2209.07528,2022,survey,1
2209.07528,2022,data science,1
2209.07528,2022,analytics,1
2209.07528,2022,field,1
2209.07528,2022,organise,1
2209.07795,2022,KaliCalib,1
2209.07795,2022,basketball court registration,1
2209.09154,2022,physics-constrained neural network,1
2209.09154,2022,design and feature-base optimization,1
2209.09154,2022,weave architectures,1
2209.09491,2022,deep q-network,1
2209.09491,2022,AI soccer,1
2209.09861,2022,ESTA,1
2209.09861,2022,esports trajectory,1
2209.09861,2022,action dataset,1
2209.10055,2022,lamarckian platform,1
2209.10055,2022,boundaries,1
2209.10055,2022,evolutionary reinforcement learning,1
2209.10055,2022,asynchronous commercial games,1
2209.11252,2022,XF2t,1
2209.11252,2022,text,1
2209.11252,2022,low-resource languages,1
2209.11908,2022,fast lifelong adaptive inverse reinforcement learning,1
2209.11908,2022,demonstration,1
2209.11949,2022,hybrid multimodal fusion,1
2209.11949,2022,humor detection,1
2209.12248,2022,multi-athlete tracking,1
2209.12248,2022,video,1
2209.13154,2022,observation centric,1
2209.13154,2022,central distance recovery,1
2209.13154,2022,player tracking,1
2209.13254,2022,extracting football feature,1
2209.13254,2022,real-world medium source,1
2209.13254,2022,synthetic training data,1
2209.13846,2022,VREN: volleyball rally dataset,1
2209.13846,2022,expression notation language,1
2209.13899,2022,strong instance segmentation pipeline,1
2209.13899,2022,MMSports challenge,1
2209.14272,2022,multimodal prediction,1
2209.14272,2022,spontaneous humour,1
2209.14924,2022,chandojnanam,1
2209.14924,2022,sanskrit meter identification and utilization system,1
2210.00507,2022,fast and robust video-base exercise classification,1
2210.00507,2022,body pose tracking and scalable multivariate time series classifiers,1
2210.02383,2022,gaps,1
2210.02383,2022,multiple imputation approach,1
2210.02383,2022,aging curves,1
2210.02383,2022,baseball,1
2210.02517,2022,athletic mobile manipulator system,1
2210.02517,2022,robotic wheelchair tennis,1
2210.03662,2022,GoalsEye,1
2210.03662,2022,learning high speed precision table tennis,1
2210.03662,2022,physical robot,1
2210.04325,2022,ASDOT,1
2210.04325,2022,text generation,1
2210.04325,2022,pretrained language model,1
2210.04365,2022,ELIGN,1
2210.04365,2022,expectation alignment,1
2210.04365,2022,multi-agent intrinsic reward,1
2210.04435,2022,dynamic quadrupedal robotic goalkeeper,1
2210.04435,2022,reinforcement learning,1
2210.04514,2022,self-supervise 3d pose estimation,1
2210.04514,2022,static video,1
2210.04514,2022,neural rendering,1
2210.06048,2022,AIMY,1
2210.06048,2022,open-source table tennis ball launcher,1
2210.06048,2022,versatile and high-fidelity trajectory generation,1
2210.06327,2022,lineup,1
2210.06327,2022,football score,1
2210.11238,2022,smooth pursuit assessment,1
2210.11238,2022,virtual reality and concussion detection,1
2210.11238,2022,BiLSTM,1
2210.09295,2022,virtual-reality,1
2210.09295,2022,concussion detection,1
2210.09295,2022,machine-learning,1
2210.06724,2022,bayesian analysis,1
2210.06724,2022,order penalty,1
2210.06724,2022,baseball,1
2210.08289,2022,AI-power mechanism,1
2210.08289,2022,judge,1
2210.08289,2022,tie,1
2210.08289,2022,chess,1
2210.08737,2022,contextual transformer,1
2210.08737,2022,multi-camera editing,1
2210.08737,2022,TV show,1
2210.08793,2022,trajectory prediction,1
2210.08793,2022,team game,1
2210.08872,2022,PTDE,1
2210.08872,2022,personalized training,1
2210.08872,2022,distilled execution,1
2210.08872,2022,multi-agent reinforcement learning,1
2210.09389,2022,potrika,1
2210.09389,2022,raw and balanced newspaper datasets,1
2210.09389,2022,bangla language,1
2210.09389,2022,topics,1
2210.09389,2022,attributes,1
2210.12262,2022,group distributionally robust reinforcement learning,1
2210.12262,2022,hierarchical latent variables,1
2210.12519,2022,partially constrained group variable selection,1
2210.12519,2022,complementary unit performance,1
2210.12519,2022,american college football,1
2210.12607,2022,complex tasks,1
2210.12607,2022,compositional fine-tuning,1
2210.12607,2022,language model,1
2210.17060,2022,MambaNet,1
2210.17060,2022,hybrid neural network,1
2210.17060,2022,NBA playoffs,1
2210.17368,2022,teacher-student curriculum,1
2210.17368,2022,reinforcement learning,1
2211.00374,2022,goalkeeper' decision,1
2211.01201,2022,human alignment,1
2211.01201,2022,neural network representation,1
2211.02104,2022,pre-analysis protocol,1
2211.02104,2022,observational study,1
2211.02104,2022,effect,1
2211.02104,2022,adolescent sport participation,1
2211.02104,2022,health,1
2211.02104,2022,early adulthood,1
2211.02125,2022,graph-base multi-camera soccer player tracker,1
2211.02772,2022,arabic text mining,1
2211.04459,2022,flexible bayesian regression tree,1
2211.04459,2022,categorical predictor,1
2211.04534,2022,GOAL,1
2211.04534,2022,resource,1
2211.04534,2022,grounded football commentaries,1
2211.05531,2022,SWTF,1
2211.05531,2022,temporal fusion,1
2211.05531,2022,drone-base activity recognition,1
2211.06663,2022,NeighborTrack,1
2211.06663,2022,bipartite matching,1
2211.06663,2022,neighbor tracklets,1
2211.07173,2022,SportsTrack,1
2211.07173,2022,innovative method,1
2211.07173,2022,tracking athletes,1
2211.07173,2022,scenes,1
2211.07832,2022,ball,1
2211.07832,2022,court,1
2211.07832,2022,visualization research,1
2211.07832,2022,expert,1
2211.08081,2022,autonomous golf putting,1
2211.08081,2022,data-drive and physics-base method,1
2211.08532,2022,omnidirectional robot modeling,1
2211.08532,2022,simulation,1
2211.08585,2022,Cyrus2D base,1
2211.08585,2022,source code base,1
2211.08585,2022,RoboCup 2d soccer simulation league,1
2211.09310,2022,language-assisted deep learning,1
2211.09310,2022,autistic behaviors recognition,1
2211.09378,2022,human racers,1
2211.09378,2022,model-base planning,1
2211.09378,2022,control,1
2211.09378,2022,trial racing,1
2211.09446,2022,arbitrary keypoints,1
2211.09446,2022,limbs,1
2211.09446,2022,skis,1
2211.09446,2022,sparse,1
2211.09446,2022,partly correct segmentation mask,1
2211.16506,2022,origin location,1
2211.16506,2022,tweet,1
2211.16506,2022,contextual information,1
2211.12217,2022,players,1
2211.12217,2022,dynamic graphs,1
2211.12217,2022,hierarchical fusion,1
2211.12217,2022,movement forecasting,1
2211.12217,2022,badminton,1
2211.12234,2022,reinforcement learning badminton environment,1
2211.12234,2022,simulating player tactics,1
2211.12234,2022,student abstract,1
2211.12334,2022,graph-base method,1
2211.12334,2022,soccer action spotting,1
2211.12334,2022,unsupervised player classification,1
2211.13873,2022,global and local hierarchy-aware contrastive framework,1
2211.13873,2022,implicit discourse relation recognition,1
2211.14308,2022,WALDO,1
2211.14308,2022,future video synthesis,1
2211.14308,2022,object layer decomposition,1
2211.14308,2022,parametric flow prediction,1
2211.15622,2022,ROC analysis,1
2211.15622,2022,paired comparison data,1
2211.15734,2022,football match outcome,1
2211.15734,2022,explainable machine learning,1
2211.15734,2022,kelly index,1
2211.16054,2022,risk,1
2211.16054,2022,multi-stage tournament,1
2211.16068,2022,ACE,1
2211.16068,2022,cooperative multi-agent q-learning,1
2211.16068,2022,bidirectional action-dependency,1
2212.00021,2022,location analysis,1
2212.00021,2022,player,1
2212.00021,2022,UEFA EURO,1
2212.00021,2022,generalized valuation,1
2212.00021,2022,defense,1
2212.00021,2022,probability,1
2212.00389,2022,kick-motion training,1
2212.00389,2022,DQN,1
2212.00389,2022,AI soccer environment,1
2212.01686,2022,subjective study,1
2212.01686,2022,perceptual acceptability,1
2212.01686,2022,audio-video desynchronization,1
2212.01686,2022,video,1
2212.02978,2022,muscle,1
2212.02978,2022,action,1
2212.03041,2022,efficient computation,1
2212.03041,2022,individual attribute,1
2212.03041,2022,policy contribution,1
2212.03041,2022,post-hoc explanation,1
2212.03041,2022,cooperative multi-agent system,1
2212.03041,2022,myerson value,1
2212.03384,2022,DroneAttention,1
2212.03384,2022,sparse,1
2212.03384,2022,temporal attention,1
2212.03384,2022,drone-camera based activity recognition,1
2212.04820,2022,pose estimation,1
2212.04820,2022,loose-fitting clothes,1
2212.04820,2022,ground truth posture,1
2212.04820,2022,HFR camera and blink LED,1
2212.04665,2022,computer vision method,1
2212.04665,2022,velocity,1
2212.04665,2022,jumps,1
2212.06146,2022,matrix profile XXVII,1
2212.06146,2022,distance measure,1
2212.06146,2022,long time series,1
2212.05223,2022,progressive multi-view human mesh recovery,1
2212.05223,2022,self-supervision,1
2212.06301,2022,egocentric video task translation,1
2212.06504,2022,accelerated structured matrix factorization,1
2212.06804,2022,face,1
2212.06804,2022,NBA prospect,1
2212.06804,2022,deep learning approach,1
2212.07397,2022,hierarchical strategies,1
2212.07397,2022,cooperative multi-agent reinforcement learning,1
2212.08116,2022,college football point spread differential,1
2212.08116,2022,probability,1
2212.09832,2022,mouthguard measurement,1
2212.09832,2022,head impact kinematic,1
2212.09832,2022,CNN,1
2212.10904,2022,bayesian mixture model approach,1
2212.10904,2022,expected possession value,1
2212.10904,2022,rugby league,1
2212.10935,2022,commentary generation,1
2212.10935,2022,data records,1
2212.10935,2022,multiplayer strategy esports game,1
2212.11041,2022,club,1
2212.11041,2022,future value,1
2212.11041,2022,football player,1
2212.11071,2022,robot,1
2212.11071,2022,olympic recurve bow,1
2212.11071,2022,preliminary study,1
2212.11402,2022,design considerations,1
2212.11402,2022,unmanned aerial vehicle,1
2212.11402,2022,aerial filming,1
2212.12015,2022,stochastic analysis,1
2212.12015,2022,elo rating algorithm,1
2212.12015,2022,round-robin tournament,1
2212.13660,2022,NeMo,1
2212.13660,2022,3d neural motion fields,1
2212.13660,2022,multiple video instances,1
2212.13660,2022,action,1
2212.14403,2022,human feedback,1
2212.14403,2022,primitive optimization,1
2212.14403,2022,wheelchair tennis,1
2301.00436,2023,hierarchical explanations,1
2301.00436,2023,video action recognition,1
2301.03462,2023,power,1
2301.03462,2023,shared label structures,1
2301.03462,2023,human activity recognition,1
2301.02443,2023,euroleague history,1
2301.02443,2023,basic statistics,1
2301.04001,2023,big ideas,1
2301.04001,2023,analytics,1
2301.04001,2023,statistical tools,1
2301.04001,2023,investigation,1
2301.04288,2023,generic event boundary detection,1
2301.04288,2023,video,1
2301.04288,2023,pyramid feature,1
2301.04619,2023,TinyHD,1
2301.04619,2023,efficient video saliency prediction,1
2301.04619,2023,heterogeneous decoders,1
2301.04619,2023,hierarchical maps distillation,1
2301.05417,2023,LGM model,1
2301.05417,2023,sEMG signals,1
2301.05417,2023,weight training,1
2301.05543,2023,classification,1
2301.05543,2023,cross-cultural news event,1
2301.06057,2023,hawk,1
2301.06057,2023,industrial-strength multi-label document classifier,1
2301.06103,2023,sparse temporal video mapping,1
2301.06103,2023,action quality assessment,1
2301.06103,2023,floor gymnastics,1
2301.06648,2023,neuromorphic high-frequency 3d dancing pose estimation,1
2301.06648,2023,dynamic environment,1
2301.06866,2023,building,1
2301.06866,2023,scalable video understanding benchmarks,1
2301.06876,2023,viewer comment,1
2301.06876,2023,scene,1
2301.06876,2023,live-streaming,1
2301.10164,2023,detection,1
2301.10164,2023,climbing,1
2301.10164,2023,orientation,1
2301.10164,2023,sensor enhanced quickdraw,1
2301.06993,2023,day,1
2301.06993,2023,pocket,1
2301.06993,2023,complex activity recognition,1
2301.06993,2023,smartphone accelerometers,1
2301.07583,2023,survey,1
2301.07583,2023,advanced computer vision techniques,1
2301.08190,2023,building concise logical patterns,1
2301.08190,2023,constrain tsetlin machine clause size,1
2301.13052,2023,machine learning approach,1
2301.13052,2023,player and position adjusted expected goals,1
2301.13052,2023,football,1
2301.13052,2023,soccer,1
2301.08347,2023,sentiment analysis,1
2301.08347,2023,measuring hope,1
2301.08347,2023,fear,1
2301.08347,2023,reddit posts,1
2301.08347,2023,russo-ukrainian conflict,1
2301.10052,2023,event detection,1
2301.10052,2023,football,1
2301.10052,2023,graph convolutional networks,1
2302.10760,2023,potential penetrative pass,1
2301.13576,2023,fine grained action detection,1
2301.13576,2023,classification,1
2301.13576,2023,table tennis strokes,1
2301.13576,2023,videos,1
2301.13576,2023,MediaEval,1
2302.00123,2023,design,1
2302.00123,2023,implementation,1
2302.00123,2023,soccer ball detection system,1
2302.00123,2023,multiple camera,1
2302.00911,2023,conditional expectation,1
2302.00911,2023,regularization,1
2302.00911,2023,miss datum imputation,1
2302.02752,2023,baseline method,1
2302.02752,2023,MediaEval,1
2302.02752,2023,3d CNN,1
2302.02752,2023,attention mechanism,1
2302.02755,2023,fine-grained action detection,1
2302.02755,2023,RGB,1
2302.02755,2023,pose information,1
2302.02755,2023,stream convolutional networks,1
2302.02956,2023,RoboCup 2022 AdultSize winner NimbRo,1
2302.02956,2023,upgrade perception,1
2302.02956,2023,capture steps gait,1
2302.02956,2023,walk,1
2302.03302,2023,meaningful anomaly detection,1
2302.03302,2023,counterfactual explanations,1
2302.03302,2023,investigation,1
2302.03302,2023,anomalies,1
2302.03302,2023,multivariate time series,1
2302.04024,2023,inertial and mechanomyography-base sensor fusion,1
2302.04024,2023,wearable facial activity recognition,1
2302.06108,2023,animating human athletics,1
2302.06205,2023,order matter,1
2302.06205,2023,agent,1
2302.06569,2023,inferring player location,1
2302.06569,2023,matches,1
2302.06569,2023,multi-agent spatial imputation,1
2302.06569,2023,limited observations,1
2302.07515,2023,TiZero,1
2302.07515,2023,mastering multi-agent football,1
2302.07515,2023,curriculum learning,1
2302.07515,2023,self-play,1
2302.09276,2023,transformer-base neural marked spatio temporal point process model,1
2302.09276,2023,football match event analysis,1
2302.09657,2023,table tennis stroke detection,1
2302.09657,2023,recognition,1
2302.09657,2023,ball trajectory datum,1
2302.10817,2023,infer implicit trait preferences,1
2302.10817,2023,task allocation,1
2302.10817,2023,heterogeneous teams,1
2302.11172,2023,impact,1
2302.11172,2023,batter,1
2302.11172,2023,regression models,1
2302.11172,2023,match commentary,1
2303.11944,2023,representational tenets,1
2303.11944,2023,memory athletics,1
2302.11880,2023,semi-supervised graph learning,1
2302.11880,2023,money laundering,1
2303.16759,2023,celebrity influence,1
2303.16759,2023,public attitude,1
2303.16759,2023,social medium,1
2303.16759,2023,sentiment analysis,1
2302.14058,2023,identification,1
2302.14058,2023,pattern mining algorithm,1
2302.14058,2023,rugby league player,1
2302.14058,2023,positional group separation,1
2302.14058,2023,movement pattern,1
2302.13386,2023,NBA2Vec: dense feature representation,1
2302.13386,2023,NBA player,1
2302.13471,2023,design,1
2302.13471,2023,variable stiffness spring,1
2302.13471,2023,human-selectable stiffness,1
2303.00528,2023,nodes,1
2303.00528,2023,multivariate graphs,1
2303.00528,2023,dynamic layout adaptation,1
2303.00952,2023,activated muscle group estimation,1
2303.01318,2023,continuous-time stochastic process,1
2303.01318,2023,high-resolution network data,1
2303.02234,2023,hindsight states,1
2303.02234,2023,blend sim,1
2303.02234,2023,real task elements,1
2303.02234,2023,efficient reinforcement learning,1
2303.12149,2023,SPARTAN,1
2303.12149,2023,self-supervise spatiotemporal transformers approach,1
2303.12149,2023,group activity recognition,1
2303.03476,2023,iball,1
2303.03476,2023,basketball videos,1
2303.03476,2023,gaze-moderated embedded visualizations,1
2303.03879,2023,SpinDOE,1
2303.03879,2023,ball spin estimation method,1
2303.03879,2023,table tennis robot,1
2303.05774,2023,NFL career success,1
2303.05774,2023,NFL scouting combine,1
2303.06021,2023,machine learning,1
2303.06021,2023,betting,1
2303.06021,2023,selection,1
2303.06021,2023,calibration,1
2303.06439,2023,DECOMPL,1
2303.06439,2023,decompositional learning,1
2303.06439,2023,group activity recognition,1
2303.06439,2023,single volleyball image,1
2303.07274,2023,common sense,1
2303.07274,2023,WHOOPS,1
2303.07274,2023,vision-and-language benchmark,1
2303.07274,2023,synthetic,1
2303.07274,2023,compositional images,1
2303.11174,2023,metric search,1
2303.11174,2023,rank list compatibility matching,1
2303.09097,2023,IRIS,1
2303.09097,2023,interpretable rubric-inform segmentation,1
2303.09097,2023,action quality assessment,1
2303.09274,2023,random matching,1
2303.09274,2023,balanced bipartite graph,1
2303.09274,2023,un)fairness,1
2303.09274,2023,draw mechanism,1
2303.09715,2023,shooter,1
2303.09715,2023,AI-power engine,1
2303.09715,2023,basketball performance,1
2303.11855,2023,CLIP-ReIdent: contrastive training,1
2303.11855,2023,player,1
2303.11855,2023,identification,1
2303.12385,2023,optimal selection,1
2303.12385,2023,start lineup,1
2303.12385,2023,football team,1
2303.12401,2023,real-time forecasting,1
2303.12401,2023,soccer match,1
2303.12401,2023,bayesian len,1
2303.13323,2023,computational benchmark,1
2303.13323,2023,evaluating human performance,1
2303.13323,2023,complex interactive tasks,1
2303.13323,2023,football,1
2303.13472,2023,promptable game model,1
2303.13472,2023,text-guided game simulation,1
2303.13472,2023,masked diffusion model,1
2303.13505,2023,large-scale study,1
2303.13505,2023,spatiotemporal representation learning,1
2303.13505,2023,action recognition,1
2303.13660,2023,present multiagent challenges,1
2303.13660,2023,team sports analytics,1
2303.15471,2023,contextual information,1
2303.15471,2023,reward shaping,1
2303.15471,2023,multi-agent learning,1
2303.15471,2023,case study,1
2303.15471,2023,google football,1
2303.14655,2023,GOAL,1
2303.14655,2023,challenging knowledge-ground video captioning benchmark,1
2303.14655,2023,real-time soccer commentary generation,1
2303.15931,2023,FC portugal 3d simulation team: team description paper,1
2303.16776,2023,supervised learning,1
2303.16776,2023,table tennis match prediction,1
2303.16741,2023,graph attention networks,1
2303.16741,2023,temporal convolution,1
2303.16865,2023,legged robots,1
2303.16865,2023,object manipulation,1
2303.16865,2023,review,1
2303.17863,2023,hot hand phenomenon,1
2303.17863,2023,bayesian hide markov approach,1
2303.17946,2023,social honeypot,1
2303.17946,2023,human,1
2303.17946,2023,people,1
2303.17946,2023,self-manage instagram pages,1
2303.17948,2023,CIMI4D,1
2303.17948,2023,large multimodal climbing motion dataset,1
2303.17948,2023,human-scene interaction,1
2304.01159,2023,DribbleBot,1
2304.01159,2023,dynamic legged manipulation,1
2304.01538,2023,doubly self-exciting poisson model,1
2304.01538,2023,scoring level,1
2304.01538,2023,NBA basketball,1
2304.01865,2023,SportsPose,1
2304.02939,2023,arbitrary keypoints,1
2304.02939,2023,body,1
2304.02939,2023,triple,1
2304.03148,2023,eye,1
2304.03148,2023,human-select feature,1
2304.03148,2023,athletes' performance,1
2304.06489,2023,domain adaptation,1
2304.06489,2023,inertial measurement unit-base human activity recognition,1
2304.06489,2023,survey,1
2304.11088,2023,news,1
2304.11088,2023,barrier,1
2304.11088,2023,news headline,1
2304.03754,2023,language models,1
2304.03754,2023,causal knowledge extractors,1
2304.03754,2023,zero-shot video question answering,1
2304.03756,2023,effect,1
2304.03756,2023,robot skill level,1
2304.03756,2023,communication,1
2304.03756,2023,rapid,1
2304.03756,2023,proximate human-robot collaboration,1
2304.04220,2023,active learning,1
2304.04220,2023,action spotting,1
2304.04220,2023,association football videos,1
2304.04376,2023,ICDAR 2023 video text reading competition,1
2304.04376,2023,dense and small text,1
2304.04437,2023,monocular 3d pose estimation,1
2304.04437,2023,broadcasts,1
2304.04437,2023,partial sports field registration,1
2304.04565,2023,SoccerNet-caption,1
2304.04565,2023,dense video captioning,1
2304.04565,2023,soccer broadcasts commentaries,1
2304.04617,2023,VARS,1
2304.04617,2023,video assistant referee system,1
2304.04617,2023,automated soccer decision making,1
2304.04617,2023,multiple view,1
2304.04839,2023,MHfit,1
2304.04839,2023,mobile health data,1
2304.04839,2023,machine learning,1
2304.05088,2023,WEAR,1
2304.05088,2023,outdoor sports dataset,1
2304.05088,2023,wearable and egocentric activity recognition,1
2304.05170,2023,SportsMOT: a large multi-object tracking dataset,1
2304.05170,2023,multiple sports scenes,1
2304.05242,2023,generation,1
2304.05242,2023,threat,1
2304.05242,2023,football player,1
2304.05242,2023,dangerous action,1
2304.05242,2023,unbiased way,1
2304.09861,2023,IoT-base wearable,1
2304.09861,2023,comprehensive survey,1
2304.08272,2023,latent role,1
2304.08272,2023,forecasting player,1
2304.08272,2023,team,1
2304.14499,2023,human activity recognition,1
2304.14499,2023,deep learning approach,1
2304.14499,2023,single frame cnn,1
2304.14499,2023,convolutional lstm,1
2304.08803,2023,MLP-AIR,1
2304.08803,2023,efficient MLP-base method,1
2304.08803,2023,actor interaction relation learning,1
2304.08803,2023,group activity recognition,1
2304.09078,2023,club coefficient,1
2304.09078,2023,UEFA champions league,1
2304.09078,2023,shift,1
2304.09078,2023,elo-base formula,1
2304.13129,2023,pattern,1
2304.13129,2023,gender-specialize query reformulation,1
2304.13653,2023,agile soccer skills,1
2304.13653,2023,bipedal robot,1
2304.13653,2023,deep reinforcement learning,1
2305.06310,2023,SoGAR: self-supervise spatiotemporal attention-base social group activity recognition,1
2305.00620,2023,refined response distillation,1
2305.00620,2023,class-incremental player detection,1
2305.01319,2023,long-term rhythmic video soundtracker,1
2306.01740,2023,buzz,1
2306.01740,2023,mispricing,1
2306.01740,2023,inefficiency,1
2306.01740,2023,online sportsbook,1
2305.03347,2023,large cross-modal video retrieval dataset,1
2305.03347,2023,reading comprehension,1
2305.03369,2023,MuSe 2023 multimodal sentiment analysis challenge,1
2305.03369,2023,mimicked emotions,1
2305.03369,2023,cross-cultural humour,1
2305.03369,2023,personalisation,1
2305.03851,2023,large language models,1
2305.03851,2023,science,1
2305.03851,2023,medicine,1
2305.03851,2023,opportunity,1
2305.03851,2023,risks,1
2305.03851,2023,considerations,1
2305.04247,2023,estimation,1
2305.04247,2023,control area,1
2305.04247,2023,pose information,1
2305.04247,2023,view,1
2305.04247,2023,video,1
2305.04995,2023,anatomically detailed simulation,1
2305.04995,2023,human torso,1
2305.05752,2023,plate discipline,1
2305.05752,2023,major league baseball,1
2305.05752,2023,bayesian additive regression tree,1
2305.07740,2023,double-iterative gaussian process regression,1
2305.07740,2023,modeling error compensation,1
2305.07740,2023,autonomous racing,1
2305.08420,2023,shot adaptation,1
2305.08420,2023,recognition,1
2305.08420,2023,diverse domain,1
2306.01746,2023,neutrosophic sets,1
2306.01746,2023,decision making,1
2305.09458,2023,empirical study,1
2305.09458,2023,google research football multi-agent scenario,1
2305.09485,2023,executive voiced laughter,1
2305.09485,2023,social approval,1
2305.09485,2023,explorative machine learning study,1
2305.10222,2023,public dataset,1
2305.10222,2023,human activity recognition,1
2305.10262,2023,STRAIN,1
2305.10262,2023,defensive pass rush,1
2305.10262,2023,american football,1
2305.10262,2023,player tracking data,1
2305.11367,2023,smart pressure e,1
2305.11367,2023,mat,1
2305.11367,2023,human sleeping posture and dynamic activity recognition,1
2305.12583,2023,smartphone,1
2305.12583,2023,pulse-oximeter,1
2305.12583,2023,single-lead ECG,1
2305.13030,2023,adaptive action supervision,1
2305.13030,2023,reinforcement learning,1
2305.13030,2023,real-world multi-agent demonstration,1
2305.13032,2023,dean oliver's four factors,1
2305.13124,2023,hang-time HAR,1
2305.13124,2023,benchmark dataset,1
2305.13124,2023,basketball activity recognition,1
2305.13124,2023,wrist-wear inertial sensor,1
2305.14320,2023,beat saber,1
2305.14320,2023,virtual reality gaming population insights,1
2305.14320,2023,factors,1
2305.14320,2023,virtual reality e-sport performance,1
2305.14468,2023,girl,1
2305.14468,2023,relate gender bias,1
2305.14468,2023,language,1
2305.14468,2023,vision,1
2305.14612,2023,assessment,1
2305.14612,2023,anterior cruciate ligament injury risk,1
2305.14612,2023,human key points detection algorithm,1
2305.15093,2023,c-STS,1
2305.15093,2023,conditional semantic textual similarity,1
2305.15189,2023,black-box,1
2305.15189,2023,gray-box,1
2305.15189,2023,case study,1
2305.15189,2023,learning table tennis ball trajectory prediction,1
2305.15189,2023,spin,1
2305.15189,2023,impact,1
2305.16487,2023,EgoHumans,1
2305.16487,2023,egocentric 3d multi-human benchmark,1
2305.17352,2023,centralized training,1
2305.17352,2023,decentralized execution framework,1
2305.17352,2023,centralize,1
2305.17352,2023,MARL,1
2305.19283,2023,observation denoising,1
2305.19283,2023,CYRUS soccer simulation 2d team,1
2305.19283,2023,RoboCup,1
2305.17886,2023,action valuation,1
2305.17886,2023,ball,1
2305.17886,2023,multi-agent deep reinforcement learning,1
2305.18477,2023,meta,1
2305.18477,2023,game design parameters,1
2305.18477,2023,patch-agnostic esport analytics,1
2306.05285,2023,unsupervised statistical feature-guided diffusion model,1
2306.05285,2023,sensor-base human activity recognition,1
2306.02351,2023,RSSOD-bench,1
2306.02351,2023,large-scale benchmark dataset,1
2306.02351,2023,salient object detection,1
2306.02351,2023,optical remote sensing imagery,1
2306.02930,2023,human spine motion capture,1
2306.02930,2023,perforated kinesiology tape,1
2306.04090,2023,PlayBest,1
2306.04090,2023,professional basketball player behavior synthesis,1
2306.04090,2023,planning,1
2306.04090,2023,diffusion,1
2306.07936,2023,FOOCTTS,1
2306.07936,2023,arabic speech,1
2306.07936,2023,acoustic environment,1
2306.07936,2023,football commentator,1
2306.04948,2023,ShuttleSet,1
2306.04948,2023,human-annotated stroke-level singles dataset,1
2306.04948,2023,badminton tactical analysis,1
2306.05255,2023,accurate and generalizable brain deformation estimator,1
2306.05255,2023,traumatic brain injury detection,1
2306.05255,2023,unsupervised domain adaptation,1
2306.05501,2023,robust explainer recommendation,1
2306.05501,2023,series classification,1
2306.05526,2023,learning,1
2306.05526,2023,fine-grain view-invariant representations,1
2306.05526,2023,unpaired ego-exo video,1
2306.05526,2023,temporal alignment,1
2306.06147,2023,SentiGOLD,1
2306.06147,2023,large bangla gold standard multi-domain sentiment analysis dataset,1
2306.06147,2023,evaluation,1
2306.06803,2023,stable remaster,1
2306.06803,2023,gap,1
2306.06803,2023,old content,1
2306.06803,2023,displays,1
2306.08206,2023,ball trajectory inference,1
2306.08206,2023,multi-agent sports contexts,1
2306.08206,2023,set transformer,1
2306.08206,2023,hierarchical bi-LSTM,1
2306.08388,2023,skill-critic,1
2306.08388,2023,refining learned skills,1
2306.08388,2023,hierarchical reinforcement learning,1
2306.08651,2023,ground commonsense reasoning,1
2306.08952,2023,temporal reasoning capability,1
2306.08952,2023,LLM,1
2306.17172,2023,FANET experiment,1
2306.17172,2023,real-time surveillance applications,1
2306.17172,2023,image processing system,1
2306.09983,2023,superhuman models,1
2306.09983,2023,consistency check,1
2306.10208,2023,learn space-time semantic correspondences,1
2306.10293,2023,perspective,1
2306.10293,2023,shuttlecock hitting event detection,1
2306.10715,2023,maximum entropy heterogeneous-agent reinforcement learning,1
2306.10756,2023,HRNet-base rehabilitation monitoring system,1
2307.11755,2023,SPORT-c intervention,1
2307.11755,2023,integration,1
2307.11755,2023,case-base pedagogy and systems thinking learning,1
2306.11168,2023,learning models,1
2306.11168,2023,adversarial agent behavior,1
2306.11168,2023,partial observability,1
2306.12244,2023,intrinsic spatial-temporal logic rules,1
2306.12244,2023,human actions,1
2306.13074,2023,iterative scale-up ExpansionIoU,1
2306.13074,2023,deep features association,1
2306.13074,2023,multi-object tracking,1
2306.13374,2023,human activity behavioural pattern recognition,1
2306.13374,2023,smarthome,1
2306.13374,2023,long-hour data collection,1
2306.13491,2023,videos,1
2306.13491,2023,VisCommentator,1
2306.14462,2023,multi-task item-attribute graph pre-training,1
2306.14462,2023,strict cold-start item recommendation,1
2306.14490,2023,TaiChi action capture and performance analysis,1
2306.14490,2023,multi-view RGB cameras,1
2306.14492,2023,badminton recognition,1
2306.14492,2023,tracking system,1
2306.14492,2023,context multi-feature fusion,1
2307.00021,2023,SAHAAYAK,1
2307.00021,2023,multi domain bilingual parallel corpus,1
2307.00021,2023,sanskrit,1
2307.00021,2023,hindi,1
2307.00021,2023,machine translation,1
2306.15664,2023,benchmarking stroke forecasting,1
2306.15664,2023,stroke-level badminton dataset,1
2306.15903,2023,diversity,1
2306.15903,2023,strength,1
2306.15903,2023,mastering football full game,1
2306.15903,2023,interactive reinforcement learning,1
2306.15903,2023,multiple AI,1
2306.17252,2023,voice synthesis,1
2306.17252,2023,differentiable LPC,1
2306.17252,2023,glottal-flow-inspire wavetable,1
2306.17550,2023,table tennis swing analysis,1
2307.01938,2023,physics-base motion,1
2307.01938,2023,sparse input,1
2307.02637,2023,surge routing,1
2307.02637,2023,event-inform multiagent reinforcement learning,1
2307.02637,2023,autonomous rideshare,1
2307.02654,2023,safe,1
2307.02654,2023,accurate,1
2307.02654,2023,speed,1
2307.02654,2023,tendon,1
2307.02654,2023,robot arm,1
2307.02654,2023,explore dynamic motion,1
2307.03353,2023,survey,1
2307.03353,2023,deep learning,1
2307.03353,2023,perception,1
2307.03353,2023,comprehension,1
2307.03353,2023,decision,1
2307.03586,2023,ContextLabeler dataset,1
2307.03586,2023,physical and virtual sensor datum,1
2307.03586,2023,smartphone usage,1
2307.13807,2023,betting,1
2307.13807,2023,neural network,1
2307.13807,2023,modern portfolio theory,1
2307.13807,2023,english premier league,1
2307.05825,2023,bayesian taut spline,1
2307.05825,2023,number,1
2307.05825,2023,mode,1
2307.05988,2023,comprehensive review,1
2307.05988,2023,automated data annotation techniques,1
2307.05988,2023,human activity recognition,1
2307.06050,2023,appropriate size,1
2307.06050,2023,mongolian general corpus,1
2307.06754,2023,handball teams,1
2307.06754,2023,statistical strength estimation,1
2307.13700,2023,CAMP,1
2307.13700,2023,context-aware cricket players performance metric,1
2307.07768,2023,SoccerKDNet: a knowledge distillation framework,1
2307.07768,2023,action recognition,1
2307.07768,2023,soccer videos,1
2307.08712,2023,machine learning,1
2307.08712,2023,mental training,1
2307.08712,2023,proof,1
2307.08712,2023,concept,1
2307.08712,2023,memory,1
2307.07943,2023,panoramic voltage-sensitive optical mapping,1
2307.07943,2023,contracting hearts,1
2307.07943,2023,cooperative multi-view motion,1
2307.07943,2023,camera,1
2307.08025,2023,gender bias,1
2307.08025,2023,image,1
2307.08025,2023,object detection,1
2307.08262,2023,MuLMINet,1
2307.08262,2023,multi-layer multi-input transformer network,1
2307.08262,2023,weighted loss,1
2307.10303,2023,commentary,1
2307.10303,2023,order,1
2307.10303,2023,event,1
2307.10303,2023,insight,1
2307.10584,2023,reference-base painterly,1
2307.10584,2023,diffusion,1
2307.10584,2023,wild reference domain gap,1
2307.11573,2023,control-,1
2307.11573,2023,task-aware optimal design,1
2307.11573,2023,actuation system,1
2307.11573,2023,legged robots,1
2307.11573,2023,binary integer linear programming,1
2308.02397,2023,design space exploration,1
2308.02397,2023,efficient and accurate pose estimation,1
2308.02397,2023,sparse IMU-sensing,1
2307.16875,2023,pyrus base,1
2307.16875,2023,open source python framework,1
2307.16875,2023,RoboCup 2d soccer simulation,1
2307.12183,2023,X3D neural network analysis,1
2307.12183,2023,runner's performance assessment,1
2307.12183,2023,wild sporting environment,1
2307.12539,2023,VIRD,1
2307.12539,2023,immersive match video analysis,1
2307.12539,2023,high-performance badminton coaching,1
2307.13715,2023,team intro,1
2307.13715,2023,AI team8,1
2307.13715,2023,CoachAI,1
2307.13715,2023,badminton challenge,1
2307.13715,2023,advanced ShuttleNet,1
2307.13715,2023,shot prediction,1
2307.14732,2023,strategic framework,1
2307.14732,2023,optimal decisions,1
2307.14732,2023,football,1
2307.14732,2023,shot-take situation,1
2307.14732,2023,integrated approach,1
2307.14732,2023,machine learning,1
2307.14732,2023,theory-base modeling,1
2307.14732,2023,game theory,1
2307.14889,2023,weakly supervised multi-modal 3d human body pose estimation,1
2307.14889,2023,autonomous driving,1
2307.16000,2023,automated hit-frame detection,1
2307.16000,2023,badminton match analysis,1
2307.16811,2023,DoDo learning,1
2307.16811,2023,DOmain-DemOgraphic transfer,1
2307.16811,2023,language models,1
2307.16811,2023,detecting abuse,1
2307.16811,2023,public figures,1
2308.00323,2023,fine-grained,1
2308.00323,2023,yoga,1
2308.00323,2023,dance postures recognition,1
2308.00323,2023,benchmark analysis,1
2308.00538,2023,human attribute guided dynamic ground pressure profile transfer,1
2308.00538,2023,3d simulate pressure maps,1
2308.01028,2023,success rate,1
2308.01028,2023,payment routing,1
2308.01028,2023,non-stationary bandit,1
2311.11467,2023,coolest video action recognition,1
2308.01492,2023,virtual reality game,1
2308.01492,2023,physical and cognitive acuity,1
2308.01523,2023,miss,1
2308.01523,2023,messi,1
2308.01523,2023,extract value,1
2308.01523,2023,target shot,1
2308.01523,2023,soccer,1
2308.02414,2023,state-space perspective,1
2308.02414,2023,modelling,1
2308.02414,2023,inference,1
2308.02414,2023,online skill rating,1
2308.04872,2023,tracking players,1
2308.04872,2023,badminton court,1
2308.04872,2023,camera,1
2311.11471,2023,automate tracking,1
2311.11471,2023,multiple boxer,1
2308.06851,2023,offensive gameplan,1
2308.06851,2023,national basketball association,1
2308.06851,2023,machine learning,1
2308.07775,2023,hierarchical generative modelling,1
2308.07775,2023,autonomous robot,1
2308.08610,2023,FootGPT,1
2308.08610,2023,LLM development experiment,1
2308.08610,2023,minimal setting,1
2309.12333,2023,onchain sports betting,1
2309.12333,2023,UBET automated market maker,1
2308.09909,2023,multi-agent reinforcement learning,1
2308.10623,2023,skeleton,1
2308.10623,2023,gait recognition,1
2308.11142,2023,graph encoding,1
2308.11142,2023,neural network,1
2308.11142,2023,volleyball analytics,1
2308.11142,2023,game outcome,1
2308.11142,2023,individual play prediction,1
2308.11244,2023,long-term video understanding dataset,1
2308.11272,2023,FoX,1
2308.11272,2023,formation-aware exploration,1
2308.11272,2023,multi-agent reinforcement learning,1
2308.12199,2023,real-time analysis,1
2308.12199,2023,broadcast badminton videos,1
2308.12600,2023,PoseSync,1
2308.12600,2023,robust,1
2308.12600,2023,base video synchronization,1
2308.12645,2023,deep system,1
2308.12645,2023,badminton game analysis,1
2308.13872,2023,vision-base pose estimation,1
2308.13872,2023,deep learning,1
2308.13872,2023,survey,1
2308.14404,2023,effect,1
2308.14404,2023,exergame,1
2308.14404,2023,shadow play skill,1
2308.14404,2023,muscle memory,1
2308.14404,2023,young female participants,1
2308.14404,2023,case,1
2308.14404,2023,forehand drive,1
2308.14404,2023,table tennis,1
2308.14562,2023,data-efficient online learning,1
2308.14562,2023,ball placement,1
2308.14562,2023,robot table tennis,1
2308.15559,2023,glocal explanations,1
2308.15559,2023,expected goal models,1
2308.15559,2023,soccer,1
2308.16154,2023,MMVP,1
2308.16154,2023,motion-matrix-base video prediction,1
2308.16651,2023,SoccerNet 2023 tracking challenge,1
2308.16651,2023,3rd place MOT4MOT team technical report,1
2308.16876,2023,SportsSloMo,1
2308.16876,2023,baselines,1
2308.16876,2023,human-centric video frame interpolation,1
2309.00756,2023,risk preferences,1
2309.00756,2023,markov decision processes,1
2309.00756,2023,fourth down decision,1
2309.00756,2023,national football league,1
2309.01010,2023,motion blur,1
2309.01010,2023,robust 3d baseball player,1
2309.01010,2023,pitch analysis,1
2309.01526,2023,passing,1
2309.01526,2023,heatmap prediction,1
2309.01526,2023,transformer model,1
2309.01526,2023,tracking data,1
2309.07141,2023,design,1
2309.07141,2023,recognition,1
2309.07141,2023,evaluation system,1
2309.07141,2023,table tennis players' motor skills,1
2309.07141,2023,artificial intelligence,1
2309.03229,2023,algorithm,1
2309.03229,2023,timetabling,1
2309.03315,2023,robotic table tennis,1
2309.03315,2023,case study,1
2309.03315,2023,high speed learning system,1
2309.03395,2023,quiet eye phenomenon,1
2309.03395,2023,minimally invasive surgery,1
2309.03640,2023,context-aware 3d object localization,1
2309.03640,2023,single calibrated images,1
2309.03640,2023,basketballs,1
2309.03808,2023,improve theoretical guarantee,1
2309.03808,2023,rank aggregation,1
2309.03808,2023,spectral method,1
2309.04375,2023,data-driven batch localization,1
2309.04375,2023,SLAM,1
2309.04375,2023,koopman linearization,1
2401.01003,2023,rink-agnostic hockey rink registration,1
2309.05682,2023,compendium,1
2309.05682,2023,datum source,1
2309.05682,2023,datum science,1
2309.05682,2023,machine learning,1
2309.05682,2023,artificial intelligence,1
2309.05783,2023,estimate return,1
2309.05783,2023,investment,1
2309.05783,2023,player salaries,1
2309.05783,2023,national basketball association,1
2309.05936,2023,PLM,1
2309.05936,2023,ontological knowledge,1
2309.06006,2023,SoccerNet,1
2309.06248,2023,evaluation metric,1
2309.06248,2023,probability estimation models,1
2309.06248,2023,esports datum,1
2309.06285,2023,jersey number recognition,1
2309.06285,2023,keyframe identification,1
2309.06285,2023,low-resolution broadcast videos,1
2309.06541,2023,text encoder lack knowledge,1
2309.06541,2023,generative LLM,1
2309.06541,2023,domain-specific semantic textual similarity,1
2309.06802,2023,dynamic NeRF,1
2309.06802,2023,soccer scenes,1
2309.07361,2023,video,1
2309.07361,2023,bitstream cover,1
2309.08904,2023,stylized table tennis robots skill learning,1
2309.08904,2023,incomplete human demonstrations,1
2309.08947,2023,contact-aware global human motion forecasting,1
2309.13080,2023,SPICED,1
2309.13080,2023,news similarity detection dataset,1
2309.13080,2023,multiple topics,1
2309.13080,2023,complexity levels,1
2309.12067,2023,survey,1
2309.12067,2023,action recognition,1
2309.12067,2023,spotting,1
2309.12067,2023,spatio-temporal localization,1
2309.12067,2023,soccer,1
2309.12067,2023,trends,1
2309.12067,2023,research perspective,1
2310.14891,2023,SpeakEasy,1
2310.14891,2023,conversational intelligence chatbot,1
2310.14891,2023,enhancing college students' communication skills,1
2309.13742,2023,DROP,1
2309.13742,2023,dynamic response,1
2309.13742,2023,human motion,1
2309.14390,2023,early churn prediction,1
2309.14390,2023,large scale user-product interaction time series,1
2309.14455,2023,skilog,1
2309.14455,2023,smart sensor system,1
2309.14455,2023,performance analysis,1
2309.14455,2023,biofeedback,1
2309.14455,2023,ski jumping,1
2309.14490,2023,design,1
2309.14490,2023,evaluation,1
2309.14490,2023,VR shot,1
2309.14490,2023,broadcast,1
2309.14753,2023,advanced volleyball stats,1
2309.14753,2023,level,1
2309.14753,2023,automatic setting tactic detection,1
2309.14753,2023,classification,1
2309.14753,2023,single camera,1
2310.13698,2023,perspective,1
2310.13698,2023,game,1
2309.14807,2023,soccer match prediction model,1
2309.14807,2023,deep learning approach and feature optimization,1
2309.14807,2023,gradient-boosted trees,1
2309.15253,2023,optimal lineup creation,1
2309.15253,2023,daily fantasy football,1
2309.15253,2023,machine learning,1
2309.15253,2023,linear programming,1
2309.17338,2023,trajectory prediction,1
2309.17338,2023,dynamic multi-agent environment,1
2309.17338,2023,dropping waypoints,1
2311.12829,2023,intelligent knee sleeve,1
2311.12829,2023,real-time multimodal dataset,1
2311.12829,2023,3d lower body motion estimation,1
2311.12829,2023,smart textile,1
2310.01184,2023,improvements,1
2310.01184,2023,pythagorean won-loss expectation,1
2310.01184,2023,optimizing roster,1
2310.01795,2023,TempoNet,1
2310.01795,2023,long-term knee joint angle prediction,1
2310.01795,2023,dynamic temporal attention,1
2310.01795,2023,exoskeleton control,1
2310.03256,2023,second latency,1
2310.03256,2023,evolution,1
2310.03256,2023,live medium,1
2310.03354,2023,fictitious cross-play,1
2310.03354,2023,learn global nash equilibrium,1
2310.03354,2023,mixed cooperative-competitive games,1
2310.03417,2023,good composition,1
2310.03417,2023,wheelchair basketball team,1
2310.03417,2023,data-drive approach,1
2310.03930,2023,GroundLink,1
2310.03930,2023,dataset unifying human body movement,1
2310.03930,2023,ground reaction dynamics,1
2310.04360,2023,SwimXYZ,1
2310.04360,2023,large-scale dataset,1
2310.04360,2023,synthetic swimming motion,1
2310.04360,2023,video,1
2310.04796,2023,accelerate multi-agent reinforcement learning,1
2310.04796,2023,zero-sum games,1
2310.04796,2023,subgame curriculum learning,1
2310.04797,2023,penalty shootout,1
2310.04797,2023,alternating order,1
2310.11459,2023,rating,1
2310.11459,2023,european and south american football leagues,1
2310.11459,2023,glicko-2,1
2310.11459,2023,modification,1
2310.04912,2023,intelligent sampling consensus,1
2310.04912,2023,homography estimation,1
2310.04912,2023,football videos,1
2310.04912,2023,featureless unpaired points,1
2310.05208,2023,ZSC-eval,1
2310.05208,2023,evaluation toolkit,1
2310.05208,2023,multi-agent zero-shot coordination,1
2310.05651,2023,FENCE,1
2310.05651,2023,fairplay ensuring network chain entity,1
2310.05651,2023,real-time multiple ID detection,1
2310.05651,2023,scale,1
2310.05651,2023,fantasy,1
2310.06245,2023,habitual schemas,1
2310.06245,2023,persona-base response,1
2310.07826,2023,antarlekhaka,1
2310.07826,2023,comprehensive tool,1
2310.07826,2023,multi-task natural language annotation,1
2310.08719,2023,diver score,1
2310.08719,2023,examining,1
2310.08719,2023,discrepancy,1
2310.08719,2023,diver competency,1
2310.08719,2023,judges,1
2310.08719,2023,mark,1
2310.09626,2023,future challenges,1
2310.09626,2023,humanoid robotics,1
2310.09626,2023,empirical investigation,1
2310.10262,2023,interpretability,1
2310.10262,2023,human similarity judgements,1
2310.10262,2023,prune word embeddings,1
2310.10300,2023,BeatDance,1
2310.10300,2023,beat-based model-agnostic contrastive learning framework,1
2310.10300,2023,music-dance retrieval,1
2310.10553,2023,AI assistant,1
2310.10553,2023,football tactic,1
2310.10863,2023,greedy perspectives,1
2310.10863,2023,multi-drone view planning,1
2310.10863,2023,collaborative perception,1
2310.10863,2023,cluttered environments,1
2310.13719,2023,ELO rating scheme,1
2310.13719,2023,MOBA games,1
2310.11700,2023,runner,1
2310.11700,2023,single-view run video,1
2310.11700,2023,open-world setting,1
2310.12328,2023,soccer,1
2310.12328,2023,social media,1
2310.13039,2023,human pose-base estimation,1
2310.13039,2023,tracking and action recognition,1
2310.13039,2023,deep learning,1
2310.13039,2023,survey,1
2310.13097,2023,multi-stage temporal convolutional network,1
2310.13097,2023,volleyball jumps classification,1
2310.13097,2023,waist-mounted IMU,1
2310.13396,2023,RL-x,1
2310.13396,2023,deep reinforcement learning library,1
2310.13396,2023,RoboCup,1
2310.13980,2023,multivariate,1
2310.13980,2023,bayesian learning approach,1
2310.13980,2023,improved detection,1
2310.13980,2023,doping,1
2310.13980,2023,athlete,1
2310.13980,2023,urinary steroid profile,1
2310.14469,2023,player,1
2310.14469,2023,body part appearences,1
2310.14553,2023,denoise opponents position,1
2310.14553,2023,partial observation environment,1
2310.14729,2023,MAS,1
2310.14729,2023,multi-view ancestral sampling,1
2310.14729,2023,3d motion generation,1
2310.14729,2023,2d diffusion,1
2310.14909,2023,surface fact,1
2310.14909,2023,large-scale knowledge graphs,1
2310.16368,2023,transformer-base live update generation,1
2310.16368,2023,soccer matches,1
2310.16368,2023,microblog posts,1
2310.16813,2023,aggregation,1
2310.16813,2023,evaluation,1
2310.16813,2023,NBA mock draft,1
2310.17058,2023,diseno y desarrollo de prototipos roboticos,1
2310.17058,2023,competencias de futbol utilizando motores dynamixel,1
2310.17193,2023,automatic edge error judgment,1
2310.17193,2023,figure skating,1
2310.17193,2023,3d pose estimation,1
2310.17193,2023,monocular camera,1
2310.17193,2023,IMU,1
2310.17493,2023,hybrid graph network,1
2310.17493,2023,complex activity detection,1
2310.17493,2023,video,1
2310.17949,2023,instance segmentation,1
2310.17949,2023,occlusions,1
2310.17949,2023,location-aware copy-paste data augmentation,1
2310.18247,2023,guided data augmentation,1
2310.18247,2023,offline reinforcement learning,1
2310.18247,2023,imitation learning,1
2310.19062,2023,multi-modal table tennis robot system,1
2310.20355,2023,muscle volume quantification,1
2310.20355,2023,guide transformer,1
2310.20355,2023,anatomical prior,1
2310.20602,2023,compliant actuator,1
2310.20602,2023,highly biomimetic robotic arm,1
2311.00401,2023,spatial-temporal transformer,1
2311.00401,2023,human pose assessment,1
2311.00401,2023,correction,1
2311.00401,2023,education scenarios,1
2311.00514,2023,information theoretic analysis,1
2311.00514,2023,motor behavior,1
2311.00514,2023,squash,1
2311.00980,2023,MAAIG,1
2311.00980,2023,motion analysis,1
2311.00980,2023,instruction generation,1
2311.02287,2023,ground reaction forces,1
2311.02287,2023,inertial sensor,1
2311.06295,2023,gradual optimization learning,1
2311.06295,2023,conformational energy minimization,1
2311.03490,2023,analytic,1
2311.03490,2023,humility,1
2311.03490,2023,statistical view,1
2311.03745,2023,unsupervised video summarization,1
2311.03745,2023,iterative training,1
2311.03745,2023,simplify GAN,1
2311.03793,2023,HaptStarter,1
2311.03793,2023,designing haptic stimulus start system,1
2311.03793,2023,deaf,1
2311.03793,2023,hard,1
2311.03793,2023,hearing sprinters,1
2311.04599,2023,explainable artificial intelligence model,1
2311.04599,2023,market value,1
2311.04599,2023,professional soccer players,1
2311.04726,2023,social motion prediction,1
2311.04726,2023,cognitive hierarchies,1
2311.05025,2023,unbiased kinetic langevin monte carlo,1
2311.05025,2023,inexact gradients,1
2311.05237,2023,widely applicable strong baseline,1
2311.05237,2023,ball detection,1
2311.05237,2023,tracking,1
2311.05424,2023,ESPORT,1
2311.05424,2023,electronic sports professionals observations,1
2311.05424,2023,reflections,1
2311.05424,2023,training,1
2311.06311,2023,game theory solutions,1
2311.06311,2023,sensor-base human activity recognition,1
2311.06311,2023,review,1
2311.05956,2023,subtle feature,1
2311.05956,2023,content,1
2311.05956,2023,structure,1
2311.05956,2023,multimodal recommendation,1
2311.06892,2023,long-shoot real-time player and ball detection,1
2311.06892,2023,soccer videos,1
2311.08007,2023,velocity disambiguation,1
2311.08007,2023,video frame interpolation,1
2311.08488,2023,MUDD,1
2311.08488,2023,-identification dataset,1
2311.08488,2023,efficient annotation,1
2311.08488,2023,road racers,1
2311.08488,2023,extreme conditions,1
2311.10361,2023,video-base sequential bayesian homography estimation,1
2311.10361,2023,soccer field registration,1
2311.12300,2023,video-base infant action recognition,1
2311.12300,2023,critical examination,1
2311.12300,2023,state,1
2311.12300,2023,art,1
2311.12419,2023,board,2
2311.12419,2023,moonboard grade prediction generalization,1
2311.14642,2023,continuous football player,1
2311.14642,2023,discrete broadcast datum,1
2312.00805,2023,gender inference,1
2312.00805,2023,common commercial tool,1
2312.09466,2023,trajectory prediction,1
2312.09466,2023,self-supervised waypoint noise prediction,1
2311.15425,2023,machine-generate text detection,1
2311.15425,2023,deep learning,1
2311.15581,2023,real time GAZED,1
2311.15581,2023,online shot selection,1
2311.15581,2023,editing,1
2311.15581,2023,virtual cameras,1
2311.15581,2023,wide-angle monocular video recordings,1
2311.16496,2023,domain,1
2311.16496,2023,domain-specific prompts,1
2311.16496,2023,multimodal misinformation detection,1
2311.15648,2023,reinforcement learning,1
2311.15648,2023,diffusion feedback,1
2311.15648,2023,image search,1
2311.16083,2023,BERT,1
2311.16083,2023,topic,1
2311.16083,2023,domain transfer challenge,1
2311.16083,2023,genre classification,1
2312.00188,2023,REACT,1
2312.00188,2023,action,1
2311.17351,2023,large language models,1
2311.17351,2023,human mobility prediction,1
2311.17351,2023,public event,1
2312.01938,2023,DSText v2,1
2312.01938,2023,comprehensive video text,1
2312.01938,2023,dense and small text,1
2311.18259,2023,ego,1
2311.18259,2023,Exo4D,1
2311.18259,2023,skilled human,1
2311.18259,2023,first-,1
2311.18259,2023,person perspective,1
2312.01487,2023,BetterMinton service,1
2312.01487,2023,badminton service,1
2312.01487,2023,open kinetic chain,1
2312.01687,2023,optimizing bus travel,1
2312.01687,2023,feature mining,1
2312.01687,2023,p-KMEANS,1
2312.01687,2023,p-LDA,1
2312.01687,2023,algorithm,1
2312.01697,2023,hulk,1
2312.01697,2023,universal knowledge translator,1
2312.01697,2023,human-centric tasks,1
2312.02576,2023,integrated system,1
2312.02576,2023,spatio-temporal summarization,1
2312.02576,2023,degree video,1
2312.03785,2023,recommender systems,1
2312.03785,2023,overview and research issues,1
2312.03493,2023,radio source localization,1
2312.03493,2023,sparse signal measurements,1
2312.03493,2023,uncrewed ground vehicle,1
2312.04338,2023,stochastic modelling,1
2312.04338,2023,football match,1
2312.04393,2023,PhysHOI,1
2312.04393,2023,physics-base imitation,1
2312.04393,2023,dynamic human-object interaction,1
2312.04711,2023,luck,1
2312.04711,2023,skill,1
2312.04711,2023,depth,1
2312.04711,2023,competition,1
2312.04711,2023,game,1
2312.04711,2023,social hierarchy,1
2312.05178,2023,single-frame supervision,1
2312.05178,2023,better temporal action localization,1
2312.05783,2023,DCIR,1
2312.05783,2023,dynamic consistency intrinsic reward,1
2312.05783,2023,multi-agent reinforcement learning,1
2312.06184,2023,advances,1
2312.06184,2023,deterministic human motion prediction,1
2312.06184,2023,review,1
2312.06409,2023,LiCamPose,1
2312.06409,2023,combining multi-view LiDAR,1
2312.06409,2023,RGB cameras,1
2312.06409,2023,robust single-timestamp 3d pose estimation,1
2312.06736,2023,SqueezeSAM: user friendly mobile interactive segmentation,1
2312.06575,2023,EasyVolcap,1
2312.06575,2023,accelerate neural volumetric video research,1
2312.06965,2023,enhanced human activity recognition,1
2312.06965,2023,natural language generation,1
2312.06965,2023,pose estimation,1
2312.09723,2023,skiers,1
2312.16179,2023,european football player valuation,1
2312.16179,2023,integrating financial models,1
2312.16179,2023,network theory,1
2312.10942,2023,ShuttleSHAP,1
2312.10942,2023,turn-base feature attribution approach,1
2312.10942,2023,analyzing forecasting models,1
2312.10942,2023,badminton,1
2312.11067,2023,FightTracker,1
2312.11067,2023,real-time predictive analytic,1
2312.11067,2023,mixed martial arts bout,1
2312.11340,2023,machine vision-enable sports performance analysis,1
2312.11753,2023,describing poker,1
2312.11753,2023,hand,1
2312.11866,2023,adaptive tracking,1
2312.11866,2023,quadrotor,1
2312.11866,2023,dynamic scenarios,1
2312.11929,2023,transformer network,1
2312.11929,2023,multi-person tracking and re-identification,1
2312.11929,2023,unconstrained environment,1
2401.04112,2023,conversational swarm intelligence,1
2401.04112,2023,networked groupwise deliberation,1
2312.12921,2023,judgment,1
2312.12921,2023,decision,1
2312.12921,2023,making,1
2312.12921,2023,tale,1
2312.12921,2023,tails,1
2312.14360,2023,skilled soccer team,1
2312.14360,2023,RoboCup,1
2312.14360,2023,skill-set-primitive,1
2312.14360,2023,reinforcement learning,1
2312.14586,2023,noise morphing,1
2312.14586,2023,audio time stretching,1
2312.15236,2023,goal,1
2312.15236,2023,kicker shooting action,1
2312.16023,2023,DocMSU,1
2312.16023,2023,comprehensive benchmark,1
2312.16023,2023,document-level multimodal sarcasm understanding,1
2312.16273,2023,coordination,1
2312.16273,2023,machine learning,1
2312.16273,2023,multi-robot systems,1
2312.16273,2023,robotic soccer,1
2401.00080,2023,large-scale re-identification analysis,1
2401.00080,2023,sporting scenarios,1
2401.00080,2023,betrayal,1
2401.00080,2023,critical point,1
2401.01505,2024,large-scale video question answering benchmark,1
2401.01505,2024,complex and professional,1
2401.02630,2024,model-agnostic interpretation framework,1
2401.02630,2024,machine learning,1
2401.02630,2024,comparative study,1
2401.02630,2024,NBA,1
2401.03134,2024,TimeGraphs,1
2401.03134,2024,graph-base temporal reasoning,1
2401.03406,2024,dribbling,1
2401.03406,2024,passing,1
2401.03406,2024,marking actions,1
2401.03406,2024,soccer simulation 2d games,1
2401.03406,2024,machine learning,1
2401.03410,2024,engineering feature,1
2401.03410,2024,pass prediction,1
2401.03410,2024,soccer simulation 2d games,1
2402.18576,2024,improved forecasting,1
2402.18576,2024,PSO-RDV framework,1
2402.18576,2024,enhance artificial neural network,1
2401.06174,2024,machine learning applications,1
2401.06174,2024,spine biomechanics,1
2401.05469,2024,robust CNN-base respiration rate estimation,1
2401.05469,2024,smartwatch PPG,1
2401.05469,2024,IMU,1
2401.05909,2024,RoboCup,1
2401.05909,2024,humanoid AdultSize winner NimbRo,1
2401.05909,2024,visual perception,1
2401.05909,2024,responsive gait,1
2401.05909,2024,walk,1
2401.06086,2024,XGBoost learning,1
2401.06086,2024,dynamic wager placement,1
2401.06086,2024,play,1
2401.06086,2024,agent-base model,1
2401.06086,2024,betting exchange,1
2401.06336,2024,TRACE,1
2401.06336,2024,relational approximate cubing engine,1
2401.06336,2024,fast data insight,1
2401.06412,2024,body inter-personal dynamic,1
2401.06412,2024,player,1
2401.06412,2024,neural granger causality,1
2401.06412,2024,explainable AI,1
2401.06412,2024,XAI,1
2401.07942,2024,transformer-base video saliency prediction,1
2401.08022,2024,preprocessing-base kinodynamic motion planning framework,1
2401.08022,2024,projectiles,1
2401.08022,2024,robot manipulator,1
2401.08718,2024,fouling efficiency,1
2401.08718,2024,football,1
2401.08718,2024,expected booking,1
2401.08463,2024,statistical inference,1
2401.08463,2024,pairwise comparison model,1
2401.09940,2024,bias,1
2401.09940,2024,expected goals models confound finishing ability,1
2401.09942,2024,multi-task learning,1
2401.09942,2024,joint,1
2401.09942,2024,identification,1
2401.09942,2024,team affiliation,1
2401.10124,2024,low ricci curvature,1
2401.10124,2024,efficient community detection,1
2401.12419,2024,multi-modal news understanding,1
2401.12419,2024,professionally label videos,1
2401.12419,2024,ReutersViLNews,1
2401.13045,2024,assessment,1
2401.13045,2024,concussion,1
2401.13045,2024,female athletes,1
2401.13045,2024,role,1
2401.13045,2024,neuroinformatic,1
2401.13460,2024,multi-agent diagnostics,1
2401.13460,2024,robustness,1
2401.13460,2024,illuminated diversity,1
2401.13888,2024,knowledge guided entity-aware video captioning,1
2401.13888,2024,basketball benchmark,1
2401.14973,2024,group dynamic,1
2401.14973,2024,coordinated time series,1
2401.14973,2024,hierarchical recurrent switching-state model,1
2401.15026,2024,multi-agent coordination,1
2401.15026,2024,partially observable and dynamic robot soccer environment,1
2401.15026,2024,limited communication,1
2401.17320,2024,sigma-lognormal modeling,1
2401.17320,2024,speech,1
2401.15783,2024,ARGOS,1
2401.15783,2024,automaton referencing guided overtake system,1
2401.15783,2024,head,1
2401.15856,2024,indoor-training effect,1
2401.15856,2024,unexpected gain,1
2401.15856,2024,distribution shift,1
2401.15856,2024,transition function,1
2401.16235,2024,player pressure map,1
2401.16235,2024,representation,1
2401.16235,2024,pressure,1
2401.16235,2024,soccer,1
2401.16235,2024,evaluating player performance,1
2401.16235,2024,game contexts,1
2401.16392,2024,comprehensive survey,1
2401.16392,2024,home advantage,1
2401.16392,2024,american football,1
2401.16754,2024,AI oversight,1
2401.16754,2024,human mistakes,1
2401.16754,2024,evidence,1
2401.16754,2024,centre court,1
2401.16795,2024,performance insights-base AI-drive football transfer fee prediction,1
2401.17185,2024,multi-camera asynchronous ball localization and trajectory prediction,1
2401.17185,2024,factor graphs,1
2401.17185,2024,human poses,1
2401.17741,2024,haris,1
2401.17741,2024,advanced autonomous mobile robot,1
2401.17741,2024,smart parking assistance,1
2402.00631,2024,inserting,1
2402.00631,2024,semantic-fidelity personalized diffusion generation,1
2402.09444,2024,multimodal action quality assessment,1
2402.00163,2024,object detection quality,1
2402.00163,2024,football,1
2402.00163,2024,super-resolution technique,1
2402.15514,2024,music,1
2402.00612,2024,rhoban football club,1
2402.00612,2024,RoboCup humanoid kid-size 2023 champion team paper,1
2402.01083,2024,individual contribution,1
2402.01083,2024,success,1
2402.01083,2024,woman's college volleyball,1
2402.07922,2024,human digital twin,1
2402.07922,2024,design,1
2402.07922,2024,survey,1
2402.02545,2024,classification,1
2402.02545,2024,tennis actions,1
2402.02545,2024,deep learning,1
2402.07937,2024,driving simulator,1
2402.07937,2024,driver monitoring,1
2402.09459,2024,custom IMU-base wearable system,1
2402.09459,2024,robust 2.4 GHz wireless human body parts orientation tracking,1
2402.09459,2024,3d movement visualization,1
2402.09459,2024,avatar,1
2402.03282,2024,theoretical framework,1
2402.03282,2024,partially observed reward-states,1
2402.03282,2024,RLHF,1
2402.04898,2024,strain,1
2402.04898,2024,success,1
2402.04898,2024,predictive model for injury risk mitigation and team success,1
2402.04898,2024,soccer,1
2402.05502,2024,optimal control formulation,1
2402.05502,2024,tool affordance,1
2402.05502,2024,impact task,1
2402.06815,2024,player performance,1
2402.06815,2024,contexts,1
2402.06815,2024,fine-tune large event model,1
2402.06820,2024,event,1
2402.06820,2024,soccer matches,1
2402.06820,2024,language,1
2403.12977,2024,SportsNGEN,1
2403.12977,2024,sustained generation,1
2403.12977,2024,realistic multi-player sports gameplay,1
2402.07004,2024,min-max transformation,1
2402.07004,2024,measurement,1
2402.07004,2024,PIR,1
2402.08742,2024,hidden energy anomaly,1
2402.08742,2024,deep learning,1
2402.08742,2024,optimize energy management,1
2402.08742,2024,facilities,1
2402.09650,2024,foul prediction,1
2402.09650,2024,estimate pose,1
2402.09650,2024,soccer broadcast video,1
2402.10979,2024,SportsMetrics,1
2402.10979,2024,blend text,1
2402.10979,2024,numerical data,1
2402.10979,2024,information fusion,1
2402.10979,2024,LLM,1
2402.11191,2024,knowledge graph assisted automatic sports news writing,1
2402.12400,2024,age-condition average treatment effect,1
2402.12400,2024,curve,1
2402.12400,2024,load-management strategy,1
2402.12400,2024,NBA,1
2402.12149,2024,MLFEF,1
2402.12149,2024,machine learning fusion model,1
2402.12149,2024,empirical formula,1
2402.12149,2024,momentum,1
2402.12149,2024,competitive,1
2402.12790,2024,movement,1
2402.12790,2024,metric,1
2402.12790,2024,explainable AI methods,1
2402.12790,2024,skeleton-base human activity recognition,1
2402.14867,2024,effect,1
2402.14867,2024,term,1
2402.14867,2024,stop word,1
2402.14867,2024,arabic text classification,1
2402.13800,2024,geography,1
2402.13800,2024,information diffusion,1
2402.13800,2024,online discourse,1
2402.13800,2024,europe,1
2402.13800,2024,migration,1
2402.14194,2024,BeTAIL,1
2402.14194,2024,behavior transformer adversarial imitation learning,1
2402.14194,2024,human racing gameplay,1
2402.15862,2024,SportQA: a benchmark,1
2402.15862,2024,understanding,1
2402.15862,2024,LLM,1
2402.15923,2024,outcomes,1
2402.15923,2024,video games,1
2402.15923,2024,long short term memory networks,1
2402.15952,2024,ViSTec,1
2402.15952,2024,video modeling,1
2402.15952,2024,technique recognition,1
2402.15952,2024,tactical analysis,1
2402.17730,2024,markovletic,1
2402.17730,2024,learning continuous-time markov chain mixtures,1
2403.01112,2024,efficient episodic memory utilization,1
2403.01112,2024,cooperative multi-agent reinforcement learning,1
2403.13821,2024,offensive lineup analysis,1
2403.13821,2024,basketball,1
2403.13821,2024,clustering players,1
2403.13821,2024,shooting style,1
2403.13821,2024,offensive role,1
2403.07932,2024,feint behaviors,1
2403.07932,2024,strategy,1
2403.07932,2024,formalization,1
2403.07932,2024,implementation,1
2403.07932,2024,evaluation,1
2403.02741,2024,state-constrained zero-sum differential games,1
2403.02741,2024,sided information,1
2403.03172,2024,consensus,1
2403.03172,2024,cooperative multi-agent reinforcement learning,1
2403.03172,2024,goal imagination,1
2403.04031,2024,large language models,1
2403.04031,2024,analytical reasoning,1
2403.09701,2024,natural extension,1
2403.09701,2024,online algorithms,1
2403.09701,2024,hybrid RL,1
2403.09701,2024,limited coverage,1
2403.04873,2024,SIDO performance model,1
2403.04873,2024,league,1
2403.04873,2024,legends,1
2403.06810,2024,deep learning approach,1
2403.06810,2024,human action recognition,1
2403.06810,2024,video datum,1
2403.07669,2024,machine learning,1
2403.07669,2024,soccer match result prediction,1
2403.08835,2024,stacking-base deep neural network,1
2403.08835,2024,football,1
2403.08580,2024,compressed frame sizes,1
2403.08580,2024,ultra-fast video classification,1
2403.08956,2024,AI coach,1
2403.08956,2024,badminton,1
2403.10677,2024,detection,1
2403.10677,2024,fast-move object,1
2403.10677,2024,neuromorphic hardware,1
2403.10826,2024,MambaMOT,1
2403.10826,2024,state-space model,1
2403.10826,2024,motion predictor,1
2403.10826,2024,multi-object tracking,1
2403.11328,2024,domain-guided masked autoencoders,1
2403.11328,2024,unique player identification,1
2403.15445,2024,multilingual topic dynamics and trend identification,1
2403.15445,2024,ARIMA time series analysis,1
2403.15445,2024,social networks,1
2403.15445,2024,data translation framework,1
2403.15445,2024,LDA/HDP models,1
2403.11572,2024,augment,1
2403.11572,2024,copy-paste,1
2403.11572,2024,data and memory efficiency-orient instance segmentation framework,1
2403.11572,2024,scene,1
2403.11576,2024,MISS,1
2403.11576,2024,memory-efficient instance segmentation framework,1
2403.11576,2024,visual inductive priors flow propagation,1
2403.11959,2024,IVAC-P2L,1
2403.11959,2024,irregular repetition priors,1
2403.11959,2024,improving video action counting,1
2403.12385,2024,benchmarke badminton action recognition,1
2403.12385,2024,fine-grained dataset,1
2403.12406,2024,offline imitation,1
2403.12406,2024,badminton player behavior,1
2403.12406,2024,experiential contexts,1
2403.12406,2024,brownian motion,1
2403.13362,2024,news consumption,1
2403.13362,2024,social medium platforms,1
2403.13362,2024,large language models,1
2403.14300,2024,DexDribbler,1
2403.14300,2024,dexterous soccer manipulation,1
2403.14300,2024,dynamic supervision,1
2403.14769,2024,fractional tackles,1
2403.14769,2024,player tracking data,1
2403.14769,2024,play tackling evaluation,1
2403.14769,2024,american football,1
2404.00030,2024,visualization,1
2404.00030,2024,unstructured sports data,1
2404.00030,2024,example,1
2404.00030,2024,cricket short text commentary,1
2403.16282,2024,evolution,1
2403.16282,2024,football,1
2403.16282,2024,machine learning approach,1
2403.16282,2024,match outcome forecasting,1
2403.16282,2024,bookmaker odds estimation,1
2403.17089,2024,GOLF,1
2403.17089,2024,goal-orient long-term life task,1
2403.17089,2024,human-AI collaboration,1
2403.17221,2024,miss,1
2403.17221,2024,field goal attempt,1
2403.17221,2024,professional basketball players,1
2403.17221,2024,depth base testing procedure,1
2403.19501,2024,comprehensive multimodal human motion dataset,1
2403.20214,2024,hypergraph,1
2404.00178,2024,suspension,1
2404.00178,2024,concluding sports league,1
2404.00213,2024,knowledge,1
2404.00213,2024,large language models,1
2404.00213,2024,supervised fine-tuning,1
2404.00245,2024,large language models,1
2404.00245,2024,recommendation knowledge,1
2404.00712,2024,survey,1
2404.00712,2024,computerized adaptive testing,1
2404.00712,2024,machine learning perspective,1
2404.01768,2024,stereotype detection,1
2404.01768,2024,LLM,1
2404.01768,2024,"multiclass, explainable",1
2404.01768,2024,benchmark-driven approach,1
2404.01891,2024,ASTRA,1
2404.01891,2024,action,1
2404.01891,2024,TRAnsformer,1
2404.01891,2024,soccer video,1
2404.03097,2024,SalFoM,1
2404.03097,2024,dynamic saliency prediction,1
2404.03097,2024,video foundation models,1
2404.03101,2024,MARL-LNS,1
2404.03101,2024,cooperative multi-agent reinforcement learning,1
2404.03101,2024,large neighborhoods search,1
2404.03869,2024,heterogeneous multi-agent reinforcement learning,1
2404.03869,2024,zero-shot scalable collaboration,1
2404.04100,2024,ChoreoVis,1
2404.04100,2024,planning,1
2404.04100,2024,assessing formations,1
2404.04100,2024,dance choreographies,1
2404.04213,2024,handball outcome,1
2404.04213,2024,univariate and bivariate approach,1
2404.04565,2024,SportsHHI,1
2404.04565,2024,human-human interaction detection,1
2404.04565,2024,video,1
2404.06332,2024,VARS,1
2404.06332,2024,explainability,1
2404.06332,2024,football refereeing,1
2404.06332,2024,multi-modal LLM,1
2404.05029,2024,LOGO,1
2404.05029,2024,long-form video dataset,1
2404.05029,2024,group action quality assessment,1
2404.05392,2024,t-DEED,1
2404.05392,2024,temporal-discriminability enhancer encoder-decoder,1
2404.05392,2024,precise event,1
2404.05392,2024,video,1
2404.05582,2024,prehensile dexterity,1
2404.05582,2024,imitating,1
2404.05582,2024,emulating,1
2404.06243,2024,transformer-ResNet hybrid method,1
2404.06243,2024,semi-supervised action recognition,1
2404.06243,2024,videos,1
2404.06587,2024,ghost runner,1
2404.06587,2024,causal inference approach,1
2404.06626,2024,soccer,1
2404.06626,2024,underdog achievement,1
2404.06626,2024,randomness,1
2404.06626,2024,team ball,1
2404.06827,2024,impact,1
2404.06827,2024,extensions,1
2404.06827,2024,browser performance,1
2404.06827,2024,empirical study,1
2404.06827,2024,google chrome,1
2404.06977,2024,accurate tennis court line detection,1
2404.06977,2024,amateur recorded match,1
2404.08227,2024,compliant tactile palm,1
2404.08227,2024,RObotic modular endoskeleton optical,1
2404.08227,2024,ROMEO,1
2404.08246,2024,agile and versatile bipedal robot tracking control,1
2404.08246,2024,reinforcement learning,1
2404.08401,2024,PnLCalib,1
2404.08401,2024,field registration,1
2404.08401,2024,points and lines optimization,1
2404.08504,2024,3d human scan,1
2404.08504,2024,moving event camera,1
2404.09807,2024,universal protocol,1
2404.09807,2024,benchmark camera calibration,1
2404.09870,2024,table tennis ball spin estimation,1
2404.09870,2024,event camera,1
2404.09951,2024,local scene entities modelling,1
2404.09951,2024,precise action spotting,1
2404.10212,2024,LWIRPOSE,1
2404.10212,2024,LWIR thermal image dataset,1
2404.10383,2024,score sign language,1
2404.10383,2024,stage method,1
2404.11335,2024,SoccerNet game state reconstruction,1
2404.11335,2024,end,1
2404.11335,2024,identification,1
2404.11335,2024,minimap,1
2404.12499,2024,multivariate copula-base bayesian framework,1
2404.12499,2024,doping detection,1
2404.12694,2024,ESC,1
2404.12694,2024,evolutionary stitched camera calibration,1
2404.13300,2024,capturing momentum,1
2404.13300,2024,tennis match analysis,1
2404.13300,2024,machine learning and time series theory,1
2404.13868,2024,TeamTrack,1
2404.13868,2024,multi-sport multi-object tracking,1
2404.13868,2024,pitch video,1
2404.13999,2024,CoFInAl,1
2404.13999,2024,action quality assessment,1
2404.13999,2024,fine,1
2404.15961,2024,machine-learn-base processing,1
2404.15961,2024,step-frequency GPR field measurement,1
2404.16205,2024,AIS 2024 challenge,1
2404.16205,2024,video quality assessment,1
2404.16205,2024,user-generated content,1
2404.16262,2024,answers,1
2404.16262,2024,yes-no questions,1
2404.16262,2024,dialogues,1
2404.16262,2024,multiple domain,1
2404.19383,2024,cross-block fine-grained semantic cascade,1
2404.19383,2024,skeleton-base sports action recognition,1
2405.00574,2024,EALD-MLLM,1
2405.00574,2024,emotion analysis,1
2405.00574,2024,long-sequential and de-identity video,1
2405.00574,2024,multi-modal LLM,1
2405.01112,2024,VR viewing system,1
2405.01112,2024,player tracking and pose estimation,1
2405.01112,2024,multimodal and multiview sensor,1
2405.02412,2024,deep learning,1
2405.02412,2024,transfer learning architectures,1
2405.02412,2024,english premier league player performance forecasting,1
2405.02425,2024,learning robot soccer,1
2405.02425,2024,egocentric vision,1
2405.02425,2024,deep reinforcement learning,1
2405.03538,2024,early adulthood,1
2407.11972,2024,efficient machine learn approach,1
2407.11972,2024,esports player,1
2407.11972,2024,feature,1
2407.11972,2024,skill level,1
2407.11972,2024,symbolic transfer entropy,1
2407.11972,2024,consensus,1
2407.11972,2024,cross validation,1
2405.07030,2024,lasso ridge,1
2405.07030,2024,XGBoost,1
2405.07030,2024,Deep_LSTM help tennis players,1
2405.07354,2024,SoccerNet-echoes,1
2405.07354,2024,soccer game audio commentary dataset,1
2405.07407,2024,PitcherNet,1
2405.07407,2024,moneyball evolution,1
2405.07407,2024,baseball video analytics,1
2406.05135,2024,smart navigation system,1
2406.05135,2024,parking assignment,1
2406.05135,2024,large event,1
2406.05135,2024,incorporate heterogeneous driver characteristics,1
2405.09865,2024,assess course difficulty,1
2405.09865,2024,effect,1
2405.09865,2024,weather,1
2405.09865,2024,amateur cross country,1
2405.09865,2024,run race,1
2405.10247,2024,alternative rank measure,1
2405.10247,2024,international football result,1
2405.11746,2024,configurable mirror descent,1
2405.11746,2024,unification,1
2405.11746,2024,decision,1
2405.11802,2024,counterfactual explanation-base badminton motion guidance generation,1
2405.11802,2024,wearable sensor,1
2405.12070,2024,AutoSoccerPose,1
2405.12070,2024,automate 3d posture analysis,1
2405.12070,2024,soccer shot movements,1
2405.12172,2024,wireless,1
2405.12172,2024,traditional ultrasound,1
2405.12172,2024,assessed knee cartilage outcomes,1
2405.12172,2024,automated gain and normalization techniques,1
2405.12588,2024,factor,1
2405.12588,2024,team strength,1
2405.12588,2024,australian football league,1
2405.12588,2024,variant bradley-terry model,1
2405.12628,2024,temporal logic base game environment independent approach,1
2405.12628,2024,soccer,1
2405.12628,2024,robot,1
2405.19349,2024,isolated frames,1
2405.19349,2024,sensor-base human activity recognition,1
2405.19349,2024,intra-,1
2405.19349,2024,inter-frame attention,1
2405.13896,2024,general framework,1
2405.13896,2024,jersey number recognition,1
2405.13896,2024,video,1
2405.13995,2024,world event,1
2405.13995,2024,e-commerce consumer demand,1
2405.13995,2024,anomaly,1
2405.13999,2024,computer-vision-enable worker video analysis,1
2405.13999,2024,motion amount quantification,1
2405.14146,2024,hyperspectral image dataset,1
2405.14146,2024,individual penguin identification,1
2405.17467,2024,center customer segmentation,1
2405.17467,2024,case study,1
2405.16296,2024,neural network-base tracking,1
2405.16296,2024,3d reconstruction,1
2405.16296,2024,baseball pitch trajectories,1
2405.16296,2024,single-view 2d video,1
2405.17214,2024,season,1
2405.17214,2024,trajectory,1
2405.17214,2024,elite athletic performance datum,1
2405.17680,2024,traj: a unified trajectory generation model,1
2405.17680,2024,multi-agent movement,1
2405.18110,2024,individual contributions,1
2405.18110,2024,intrinsic exploration scaffolds,1
2405.18110,2024,multi-agent reinforcement learning,1
2405.18565,2024,Video2MR,1
2405.18565,2024,mixed reality 3d instruction,1
2405.18565,2024,extracted motion,1
2405.18565,2024,2d videos,1
2405.19958,2024,multi-aspect controllable text generation,1
2405.19958,2024,disentangled counterfactual augmentation,1
2405.20029,2024,random forest-base prediction model,1
2405.20029,2024,turning points,1
2405.20029,2024,antagonistic event-group competitions,1
2405.20743,2024,trajectory forecasting,1
2405.20743,2024,low-rank adaptation,1
2405.20743,2024,discrete latent codes,1
2407.13109,2024,spatio-temporal graph analytics,1
2407.13109,2024,field,1
2406.00154,2024,ranking scheme,1
2406.00154,2024,performance analysis,1
2406.00154,2024,stochastic optimization algorithms,1
2406.00154,2024,principle,1
2406.00154,2024,severity,1
2406.00727,2024,unsupervised neural motion retargeting,1
2406.00727,2024,humanoid teleoperation,1
2406.00814,2024,expect possession value,1
2406.00814,2024,control,1
2406.00814,2024,duel actions,1
2406.00814,2024,soccer player's skills estimation,1
2406.01033,2024,generalized jersey number recognition,1
2406.01033,2024,multi-task learning,1
2406.01033,2024,orientation-guide weight refinement,1
2406.01056,2024,virtual avatar generation model,1
2406.01056,2024,world navigator,1
2406.01273,2024,SoccerRAG: multimodal soccer information retrieval,1
2406.01273,2024,natural queries,1
2406.01280,2024,demo: soccer information retrieval,1
2406.01280,2024,natural queries,1
2406.01280,2024,SoccerRAG,1
2406.03857,2024,MuJo,1
2406.03857,2024,multimodal joint feature space learning,1
2406.03857,2024,human activity recognition,1
2407.11990,2024,digital twin,1
2407.11990,2024,concepts,1
2407.11990,2024,taxonomies,1
2407.11990,2024,challenges,1
2407.11990,2024,practical potentials,1
2406.05128,2024,differentiable time-vary linear prediction,1
2406.05128,2024,context,1
2406.05128,2024,end,1
2406.05128,2024,synthesis,1
2406.05246,2024,blended bots,1
2406.05246,2024,infiltration,1
2406.05246,2024,identity deception,1
2406.05246,2024,social media,1
2406.05621,2024,cross language soccer framework,1
2406.05621,2024,open source framework,1
2406.05621,2024,RoboCup 2d soccer simulation,1
2406.05623,2024,observation denoising,1
2406.05623,2024,CYRUS soccer simulation 2d team,1
2406.05623,2024,RoboCup,1
2406.07753,2024,MuSe 2024 multimodal sentiment analysis challenge,1
2406.07753,2024,social perception,1
2406.07753,2024,humor recognition,1
2406.08035,2024,LVBench,1
2406.08035,2024,extreme long video understanding benchmark,1
2406.08749,2024,mathematical model,1
2406.08749,2024,ball,1
2406.08749,2024,basketball,1
2406.08858,2024,OmniH2O,1
2406.08858,2024,universal,1
2406.08858,2024,dexterous,1
2406.08858,2024,human,1
2406.08858,2024,humanoid whole-body teleoperation,1
2406.08858,2024,learning,1
2406.09418,2024,VideoGPT+,1
2406.09418,2024,image,1
2406.09418,2024,video encoders,1
2406.09418,2024,enhanced video understanding,1
2406.09597,2024,tractable ridge regression,1
2406.09597,2024,paired comparison,1
2406.09895,2024,lasso multinomial performance indicators,1
2406.09895,2024,play basketball datum,1
2406.09948,2024,BLEnD,1
2406.09948,2024,LLM,1
2406.09948,2024,everyday knowledge,1
2406.09948,2024,diverse cultures,1
2406.09948,2024,language,1
2406.10411,2024,tree search,1
2406.10411,2024,simultaneous move games,1
2406.10411,2024,equilibrium approximation,1
2406.16934,2024,multi-UAV multi-RIS QoS-aware aerial communication systems,1
2406.16934,2024,DRL,1
2406.16934,2024,PSO,1
2406.11652,2024,statistical evolution,1
2406.11652,2024,ODI cricket,1
2406.11652,2024,performance trends,1
2406.11652,2024,effect size,1
2406.11678,2024,TourRank,1
2406.11678,2024,large language models,1
2406.11678,2024,documents,1
2406.11678,2024,tournament-inspire strategy,1
2406.12081,2024,deep HM-SORT: enhance multi-object tracking,1
2406.12081,2024,deep features,1
2406.12081,2024,harmonic mean,1
2406.12081,2024,expansion IOU,1
2406.12084,2024,reasoning,1
2406.12084,2024,information aggregation,1
2406.12084,2024,narratives,1
2406.12252,2024,language,1
2406.12252,2024,multimodal models,1
2406.12252,2024,survey,1
2406.12252,2024,datasets,1
2406.12762,2024,unsupervised explainable activity prediction,1
2406.12762,2024,competitive nordic walking,1
2406.12762,2024,experimental datum,1
2406.13987,2024,image anomaly detection and prediction scheme,1
2406.13987,2024,SSA,1
2406.14877,2024,intelligence,1
2406.14877,2024,understanding capabilities,1
2406.14877,2024,language models,1
2406.14877,2024,text,1
2406.14877,2024,video,1
2406.15649,2024,efficient pose estimation,1
2406.15649,2024,advanced techniques,1
2406.15649,2024,MediaPipe,1
2406.15659,2024,contextual sprint classification,1
2406.15659,2024,soccer,1
2406.15659,2024,deep learning,1
2406.16171,2024,difficulty,1
2406.16171,2024,estimating win probability,1
2406.16987,2024,equitable tennis training,1
2406.16987,2024,equitable and accurate classification,1
2406.16987,2024,tennis skill levels,1
2406.16987,2024,training phase,1
2406.16507,2024,statistical ranking,1
2406.16507,2024,dynamic covariate,1
2406.16773,2024,valuation method,1
2406.16773,2024,professional sport club,1
2406.16773,2024,historical review,1
2406.16773,2024,model development,1
2406.16773,2024,japanese football club,1
2406.17220,2024,NFL ghost,1
2406.17220,2024,defender positioning,1
2406.17220,2024,conditional density estimation,1
2406.17443,2024,joint angle,1
2406.17443,2024,international biomechanical standard,1
2406.17443,2024,human action recognition,1
2406.17443,2024,related task,1
2406.17947,2024,interpreting referring expressions,1
2406.17947,2024,intergroup bias,1
2406.18617,2024,similarity,1
2406.18617,2024,day,1
2406.18617,2024,batter,1
2406.18617,2024,physics-base quantification,1
2406.18116,2024,BADGE,1
2406.18116,2024,BADminton report generation,1
2406.18116,2024,evaluation,1
2406.18116,2024,LLM,1
2406.18285,2024,LLCoach: generating robot soccer plan,1
2406.18285,2024,multi-role LLM,1
2406.18530,2024,MatchTime,1
2406.18530,2024,automatic soccer game commentary generation,1
2406.19222,2024,UEFA champions league group stage,1
2406.19222,2024,measure,1
2406.19222,2024,evidence,1
2406.19222,2024,decline,1
2406.19563,2024,bayesian rank-clustering,1
2406.19655,2024,basketball-SORT: an association method,1
2406.19655,2024,complex multi-object occlusion problems,1
2406.19655,2024,basketball multi-object tracking,1
2406.19852,2024,FootBots,1
2406.19852,2024,motion,1
2406.19852,2024,soccer,1
2407.00187,2024,SMPLOlympics,1
2407.00187,2024,environments,1
2407.00187,2024,physically simulated humanoids,1
2407.07116,2024,research,1
2407.07116,2024,dynamic analysis,1
2407.07116,2024,prediction model,1
2407.07116,2024,tennis match,1
2407.07116,2024,bayesian probability,1
2407.07116,2024,analytic hierarchy process,1
2407.00898,2024,residual-MPPI,1
2407.00898,2024,online policy customization,1
2407.00898,2024,continuous control,1
2407.01265,2024,OSL-ActionSpotting,1
2407.01265,2024,unified library,1
2407.01265,2024,action spotting,1
2407.01265,2024,video,1
2407.01361,2024,literature,1
2407.01361,2024,review,1
2407.01361,2024,robotic cloth manipulation,1
2407.01797,2024,empirical determination,1
2407.01797,2024,baseball era,1
2407.01797,2024,multivariate changepoint analysis,1
2407.01797,2024,major league baseball,1
2407.01916,2024,sequential manipulation,1
2407.01916,2024,rank aggregation,1
2407.01916,2024,theory,1
2407.01916,2024,algorithm,1
2407.02370,2024,event-base cameras,1
2407.02370,2024,video frame interpolation,1
2407.03041,2024,position,1
2407.03041,2024,altitude,1
2407.03041,2024,nao camera head,1
2407.03041,2024,point,1
2407.03041,2024,soccer field,1
2407.03041,2024,gravitational direction,1
2407.14516,2024,RobocupGym,1
2407.14516,2024,challenging continuous control benchmark,1
2407.14516,2024,robocup,1
2407.03486,2024,celeb-FBI,1
2407.03486,2024,benchmark dataset,1
2407.03486,2024,human full body images,1
2407.03486,2024,"age, gender, height and weight estimation",1
2407.03486,2024,deep learning approach,1
2407.03817,2024,markerless multi-view 3d pose estimation,1
2407.03817,2024,survey,1
2407.07120,2024,pacing profiles,1
2407.07120,2024,sprint kayak racing,1
2407.07120,2024,functional principal components,1
2407.07120,2024,hidden markov models,1
2407.05458,2024,survey,1
2407.05458,2024,models,1
2407.05458,2024,cognitive diagnosis,1
2407.05458,2024,developments,1
2407.05458,2024,future directions,1
2407.06866,2024,ChatGPT donot trust chargers fans,1
2407.06866,2024,guardrail sensitivity,1
2407.06866,2024,context,1
2407.08200,2024,deep understanding,1
2407.08200,2024,soccer match video,1
2407.08395,2024,deep neural network,1
2407.08395,2024,non-analytically define expert event label,1
2407.08395,2024,canoe sprint force sensor signal,1
2407.08508,2024,PEP,1
2407.08508,2024,tackle value,1
2407.08508,2024,prevention,1
2407.08508,2024,expect point,1
2407.09288,2024,WSESeg,1
2407.09288,2024,segmentation,1
2407.09288,2024,winter sports equipment,1
2407.09288,2024,interactive segmentation,1
2407.12483,2024,AI-power video assistant referee system,1
2407.12483,2024,VARS,1
2407.12483,2024,association football,1
2407.12771,2024,role,1
2407.12771,2024,network,1
2407.12771,2024,identity,1
2407.12771,2024,diffusion,1
2407.12771,2024,hashtags,1
2407.14558,2024,foundation model,1
2407.14558,2024,soccer,1
2407.14120,2024,cardinality,1
2407.14120,2024,code sets,1
2407.14120,2024,soccer ball graph,1
2407.14120,2024,remote sensing,1
2407.14180,2024,news,1
2407.14180,2024,broadcast news,1
2407.14180,2024,gender bias representation analysis,1
2407.14612,2024,biomechanics-inspire approach,1
2407.14612,2024,soccer kicking,1
2407.14612,2024,humanoid robots,1
2407.14811,2024,prompt-adapter tuning,1
2407.14811,2024,continual activity recognition,1
2407.15373,2024,avaTTAR: table tennis stroke training,1
2407.15373,2024,body,1
2407.15373,2024,detached visualization,1
2407.15373,2024,augmented reality,1
2407.15689,2024,pediatric wrist fracture detection,1
2407.15689,2024,ray,1
2407.15689,2024,YOLOv10 algorithm and dual label assignment system,1
2407.15779,2024,impact,1
2407.15779,2024,automatic ball strike system,1
2407.15779,2024,professional baseball,1
2407.15779,2024,case study,1
2407.15779,2024,KBO league data,1
2407.15987,2024,handball,1
2407.15987,2024,olympic games tournament,1
2407.15987,2024,deep learning,1
2407.15987,2024,LLM,1
2407.16076,2024,PLayerTV,1
2407.16076,2024,advanced player tracking,1
2407.16076,2024,identification,1
2407.16076,2024,automatic soccer highlight clip,1
2407.16210,2024,strategy,1
2407.16210,2024,skill learning,1
2407.16210,2024,physics-base table tennis animation,1
2407.16680,2024,simulation benchmark,1
2407.16680,2024,autonomous racing,1
2407.16680,2024,large-scale human data,1
2407.16837,2024,MLLM-CompBench,1
2407.16837,2024,comparative reasoning benchmark,1
2407.16837,2024,multimodal LLM,1
2407.17832,2024,regularized adjusted plus-minus models,1
2407.17832,2024,evaluating and scouting football (soccer) players,1
2407.17832,2024,possession sequence,1
2407.19321,2024,impact,1
2407.19321,2024,unforced errors,1
2407.19321,2024,tennis,1
2407.19497,2024,skeleton-base group activity recognition,1
2407.19497,2024,spatial-temporal panoramic graph,1
2408.00332,2024,vision-base wearable steering assistance,1
2408.00332,2024,people,1
2408.00332,2024,impaired vision,1
2408.00332,2024,jogging,1
2408.00672,2024,expert,1
2408.00672,2024,actionable feedback,1
2408.00672,2024,video,1
2408.01056,2024,NING humanoid,1
2408.01056,2024,concurrent design,1
2408.01056,2024,development,1
2408.01056,2024,dynamic and agile platform,1
2408.01544,2024,momentum capture and prediction system,1
2408.01544,2024,wimbledon open2023,1
2408.01544,2024,tournament datum,1
2408.01603,2024,FIVB,1
2408.01603,2024,misstep,1
2408.01603,2024,right direction,1
2408.01655,2024,imagination,1
2408.01655,2024,"general-purpose ""something something placement",1
2408.10231,2024,accurate operation,1
2408.10231,2024,deep predictive learning,1
2408.02146,2024,video-base pedestrian,1
2408.02146,2024,vehicle traffic analysis,1
2408.02146,2024,football games,1
2408.02250,2024,hierarchical clustering,1
2408.02250,2024,reversible binary cellular automata,1
2408.02250,2024,high-dimensional datum,1
2408.02520,2024,OneLove,1
2408.02520,2024,field,1
2408.02520,2024,shot pipeline,1
2408.02520,2024,topic,1
2408.02520,2024,FIFA world cup,1
2408.02520,2024,qatar,1
2408.11836,2024,unstructured high-density crowded scenes,1
2408.11836,2024,crowd monitoring,1
2408.03906,2024,human level competitive robot table tennis,1
2408.04013,2024,MetaDragonBoat,1
2408.04013,2024,paddle techniques,1
2408.04013,2024,virtual dragon,1
2408.04013,2024,metaverse campus,1
2408.05123,2024,embedded visualizations,1
2408.05123,2024,personified narratives,1
2408.05123,2024,video,1
2408.05192,2024,style,1
2408.05192,2024,substance,1
2408.05192,2024,cross-genre authorship attribution,1
2408.05192,2024,data selection,1
2408.05192,2024,presentation,1
2408.05622,2024,skin,1
2408.05622,2024,like,1
2408.05622,2024,child exposure,1
2408.05622,2024,user engagement,1
2408.05622,2024,TikTok,1
2408.05960,2024,match point AI,1
2408.05960,2024,AI framework,1
2408.05960,2024,evaluating data-driven tennis strategy,1
2408.15270,2024,SkillMimic,1
2408.15270,2024,learning basketball interaction skills,1
2408.15270,2024,demonstration,1
2408.08331,2024,match prediction,1
2408.08331,2024,soccer,1
2408.08331,2024,machine learning,1
2408.08331,2024,poisson,1
2408.09178,2024,MambaTrack,1
2408.09178,2024,simple baseline,1
2408.09178,2024,multiple object,1
2408.09178,2024,state space model,1
2408.09527,2024,ALS-HAR,1
2408.09527,2024,wearable ambient light sensors,1
2408.09527,2024,enhance IMU-base human activity recogntion,1
2408.09934,2024,human mimetic forearm design,1
2408.09934,2024,radioulnar joint,1
2408.09934,2024,miniature bone-muscle modules,1
2408.09934,2024,applications,1
2408.10867,2024,bye-bye,1
2408.10867,2024,bye advantage,1
2408.10867,2024,competitive impact,1
2408.10867,2024,rest differential,1
2408.10867,2024,national football league,1
2408.10191,2024,graph-base approach,1
2408.10191,2024,human activity recognition,1
2408.10878,2024,trajectory imputation,1
2408.10878,2024,multi-agent,1
2408.10878,2024,derivative-accumulate self-ensemble,1
2408.14305,2024,collaborative XRTactics,1
2408.14305,2024,formative study,1
2408.14305,2024,tactical communication,1
2408.14305,2024,outdoor team,1
2408.15406,2024,intertwined biases,1
2408.15406,2024,social medium spheres,1
2408.15406,2024,correlations,1
2408.15406,2024,media bias dimensions,1
2408.16638,2024,3d pose-base temporal action segmentation,1
2408.16638,2024,figure skating,1
2408.16638,2024,fine-grained and jump procedure-aware annotation approach,1
2409.00286,2024,OnlySportsLM,1
2409.00286,2024,domain language models,1
2409.00286,2024,SOTA performance,1
2409.00286,2024,parameter,1
2409.00629,2024,impact,1
2409.00629,2024,upselling,1
2409.00629,2024,online fantasy,1
2409.01448,2024,FinePseudo,1
2409.01448,2024,pseudo-labelling,1
2409.01448,2024,temporal-alignablity,1
2409.01448,2024,semi-supervised fine-grained action recognition,1
2409.12970,2024,quality,1
2409.12970,2024,mobile apps,1
2409.12970,2024,psychological skills training,1
2409.12970,2024,MARS-base study,1
2409.14588,2024,space evaluation,1
2409.14588,2024,pitch control,1
2409.14588,2024,drone video,1
2409.14588,2024,ultimate,1
2409.01874,2024,partial membership model,1
2409.01874,2024,soft clustering,1
2409.01874,2024,multivariate football player performance datum,1
2409.01947,2024,precision,1
2409.01947,2024,HTC VIVE ultimate tracker,1
2409.01947,2024,robotic and human movement,1
2409.01947,2024,varied environmental condition,1
2409.02872,2024,momentum dynamics,1
2409.02872,2024,competitive,1
2409.02872,2024,multi-model analysis,1
2409.02872,2024,TOPSIS,1
2409.02872,2024,logistic regression,1
2409.03940,2024,causal effect,1
2409.03940,2024,infield shift,1
2409.03940,2024,MLB,1
2409.04035,2024,MultiCounter,1
2409.04035,2024,multiple action agnostic repetition counting,1
2409.04035,2024,untrimmed videos,1
2409.04196,2024,GST,1
2409.04196,2024,precise 3d human body,1
2409.04196,2024,single image,1
2409.04196,2024,gaussian splatting transformers,1
2409.07488,2024,contrastive learning-base user identification,1
2409.07488,2024,limited data,1
2409.07488,2024,smart textiles,1
2409.04398,2024,human-center interaction,1
2409.04398,2024,4d scene capture,1
2409.04398,2024,large-scale space,1
2409.04398,2024,wearable IMU,1
2409.04414,2024,virtual reality-base preoperative planning,1
2409.04414,2024,optimized trocar placement,1
2409.04414,2024,thoracic surgery,1
2409.04414,2024,preliminary study,1
2409.04889,2024,machine learning,1
2409.04889,2024,statistics,1
2409.04889,2024,expected points,1
2409.04889,2024,american football,1
2409.05052,2024,rating players,1
2409.05052,2024,counter-strike,1
2409.05052,2024,global offensive,1
2409.05052,2024,plus/minus value,1
2409.05714,2024,analyze and forecast success,1
2409.05714,2024,men's ice hockey world (junior) championships,1
2409.05714,2024,dynamic ranking model,1
2409.06739,2024,kramnik,1
2409.06739,2024,nakamura,1
2409.06739,2024,chess scandal,1
2409.06401,2024,reflection,1
2409.06401,2024,visualization,1
2409.06401,2024,motion,1
2409.06401,2024,fitness trackers,1
2409.06426,2024,egocentric visualizations,1
2409.07005,2024,situated visualization,1
2409.07005,2024,motion,1
2409.07569,2024,comprehensive survey,1
2409.07569,2024,inverse constrained reinforcement learning,1
2409.07569,2024,definition,1
2409.07569,2024,progress,1
2409.07695,2024,situated visualization,1
2409.07695,2024,motion,1
2409.07695,2024,swimming,1
2409.08172,2024,bayesian framework,1
2409.08172,2024,allege cheating,1
2409.08172,2024,hide code,1
2409.08172,2024,bridge,1
2409.08172,2024,baseball,1
2409.08177,2024,identification,1
2409.08177,2024,head impact location,1
2409.08177,2024,speed,1
2409.08177,2024,force,1
2409.08177,2024,head kinematic,1
2409.10175,2024,VideoRun2D: cost-effective markerless motion capture,1
2409.10175,2024,sprint biomechanics,1
2409.10176,2024,TCDformer-base momentum transfer model,1
2409.10176,2024,long-term sports prediction,1
2409.10587,2024,SoccerNet,1
2409.11760,2024,sound-base spin estimation,1
2409.11760,2024,table tennis,1
2409.11760,2024,real-time classification pipeline,1
2409.12107,2024,GOAT,1
2409.12107,2024,rankings,1
2409.12107,2024,data-drive random walks,1
2409.12107,2024,symmetric group,1
2409.13098,2024,soccer match,1
2409.13098,2024,complex network,1
2409.13098,2024,machine learning,1
2409.13443,2024,sportoonizer,1
2409.13443,2024,highlights' narration and visual impact,1
2409.13443,2024,automatic manga b-roll generation,1
2409.13859,2024,PanoCoach,1
2409.13859,2024,tactical coaching,1
2409.13859,2024,communication,1
2409.13859,2024,soccer,1
2409.13859,2024,mixed-reality telepresence,1
2410.03690,2024,conversational swarms,1
2410.03690,2024,humans,1
2410.03690,2024,AI agents,1
2410.03690,2024,hybrid collaborative decision-making,1
2409.14543,2024,TrackNetV4,1
2409.14543,2024,fast sports object,1
2409.14543,2024,motion attention maps,1
2409.15528,2024,diverse robot striking motions,1
2409.15528,2024,diffusion models,1
2409.15528,2024,kinematically constrained gradient guidance,1
2409.16467,2024,learning dynamics,1
2409.16467,2024,ball,1
2409.16467,2024,differentiable factor graph and roto-translational invariant representations,1
2409.17077,2024,efficient feature interactions,1
2409.17077,2024,transformer,1
2409.17077,2024,user spending propensity predictions,1
2409.17077,2024,gaming,1
2409.17129,2024,bayesian bivariate conway-maxwell-poisson regression model,1
2409.17129,2024,correlated count data,1
2409.17580,2024,structured-data retrieval,1
2409.17580,2024,GraphRAG,1
2409.17580,2024,soccer data case study,1
2409.18266,2024,muscle thickness deformation,1
2409.18266,2024,muscle activation patterns,1
2409.18266,2024,dual-attention framework,1
2409.18798,2024,esport debut,1
2409.18798,2024,medal event,1
2409.18798,2024,asian games,1
2409.18798,2024,public perceptions,1
2409.18798,2024,BERTopic,1
2409.18798,2024,GPT-4,1
2409.18798,2024,topic fine-tuning,1
2409.19180,2024,esports training,1
2409.19180,2024,periodization,1
2409.19180,2024,software,1
2409.19180,2024,scoping review,1
2409.19771,2024,learning,1
2409.19771,2024,wheelchair tennis navigation,1
2409.19771,2024,broadcast videos,1
2409.19771,2024,domain knowledge transfer,1
2409.19771,2024,diffusion motion planning,1
2409.19935,2024,challenges,1
2409.19935,2024,opportunities,1
2409.19935,2024,body movement education,1
2409.19935,2024,people,1
2409.19935,2024,low vision,1
2410.09068,2024,modeling,1
2410.09068,2024,prediction,1
2410.09068,2024,UEFA,1
2410.09068,2024,EURO,1
2410.09068,2024,combined statistical learning approach,1
2410.00643,2024,cross-camera data association,1
2410.00643,2024,GNN,1
2410.00643,2024,supervised graph clustering,1
2410.00943,2024,RisingBALLER,1
2410.00943,2024,player,1
2410.00943,2024,match,1
2410.00943,2024,sentence,1
2410.00943,2024,path,1
2410.00943,2024,foundational model,1
2410.00943,2024,football player data analytic,1
2410.01030,2024,oracle guided multi-mode policies,1
2410.01030,2024,dynamic bipedal loco-manipulation,1
2410.01304,2024,deep learning,1
2410.01304,2024,action,1
2410.01304,2024,association football video,1
2410.01307,2024,FanCric : multi-agentic framework,1
2410.01307,2024,fantasy 11 cricket teams,1
2410.12830,2024,incorporate metabolic information,1
2410.12830,2024,LLM,1
2410.12830,2024,anomaly detection,1
2410.12830,2024,clinical time-series,1
2410.01608,2024,computational teaching,1
2410.01608,2024,multi-task imitation learning,1
2410.01806,2024,samba,1
2410.01806,2024,sequences,1
2410.01806,2024,multiple object,1
2410.01806,2024,tracking,1
2410.02031,2024,neural eulerian scene flow fields,1
2410.07238,2024,vailá,1
2410.07238,2024,versatile anarcho integrated liberation ánalysis,1
2410.07238,2024,multimodal toolbox,1
2410.05774,2024,ActionAtlas,1
2410.05774,2024,VideoQA benchmark,1
2410.05774,2024,domain-specialized action recognition,1
2410.05776,2024,viscoelasticity estimation,1
2410.05776,2024,prosthesis,1
2410.05776,2024,energy-minimize inverse kinematics,1
2410.05776,2024,validation,1
2410.05776,2024,forward dynamics,1
2410.05931,2024,construction,1
2410.05931,2024,musculoskeletal simulation,1
2410.05931,2024,shoulder complex,1
2410.05931,2024,ligaments,1
2410.05931,2024,validation,1
2410.05931,2024,model predictive control,1
2410.18983,2024,smart navigation system,1
2410.18983,2024,parking assignment,1
2410.18983,2024,large event,1
2410.18983,2024,incorporate heterogeneous driver characteristics,1
2410.07153,2024,CHASE,1
2410.07153,2024,learn convex hull adaptive shift,1
2410.07153,2024,skeleton-base multi-entity action recognition,1
2410.07401,2024,soccer camera calibration,1
2410.07401,2024,keypoint exploitation,1
2410.08474,2024,SPORTU,1
2410.08474,2024,comprehensive sports understanding benchmark,1
2410.08474,2024,multimodal LLM,1
2410.08931,2024,motion,2
2410.08931,2024,variation,1
2410.08931,2024,pose,1
2410.08931,2024,video conditioned,1
2410.08931,2024,editing,1
2410.19769,2024,real-time monitoring,1
2410.19769,2024,lower limb movement resistance,1
2410.19769,2024,deep learning,1
2410.09954,2024,EITNet,1
2410.09954,2024,IoT-enhance framework,1
2410.09954,2024,real-time basketball action recognition,1
2410.11040,2024,step counting algorithms,1
2410.11040,2024,high-resolution wrist accelerometry data,1
2410.11040,2024,NHANES,1
2410.11375,2024,statistical analysis,1
2410.11375,2024,impact,1
2410.11375,2024,FIA regulations,1
2410.11375,2024,safety,1
2410.11375,2024,racing dynamics,1
2410.11375,2024,spectacle,1
2410.11375,2024,formula,1
2410.11582,2024,fly,1
2410.11582,2024,balanced multimodal learning,1
2410.12949,2024,mechanistic unlearning,1
2410.12949,2024,robust knowledge unlearning,1
2410.12949,2024,editing,1
2410.12949,2024,mechanistic localization,1
2410.13666,2024,VL-GLUE,1
2410.13666,2024,suite,1
2410.13666,2024,fundamental,1
2410.13666,2024,challenging visuo-linguistic reasoning tasks,1
2410.14161,2024,unlabeled action quality assessment,1
2410.14161,2024,multi-dimensional adaptive constrained dynamic time warping,1
2410.14340,2024,shot action localization,1
2410.14340,2024,confidence,1
2410.14340,2024,large VLM,1
2410.16458,2024,STAR,1
2410.16458,2024,recommendation,1
2410.16458,2024,LLM,1
2410.17619,2024,PDF,1
2410.17619,2024,structured data,1
2410.17619,2024,LLM analysis,1
2410.17619,2024,database management,1
2410.17785,2024,TranSPORTmer: a holistic approach,1
2410.17785,2024,trajectory understanding,1
2410.17785,2024,multi-agent,1
2410.18520,2024,unsupervised semantic segmentation,1
2410.18520,2024,urban high-density multispectral point cloud,1
2410.19948,2024,societal influence,1
2410.19948,2024,academic research,1
2410.19948,2024,ChatGPT,1
2410.20038,2024,PlayeRank,1
2410.20427,2024,YourSkatingCoach,1
2410.20427,2024,figure skating video benchmark,1
2410.20427,2024,fine-grained element analysis,1
2410.20508,2024,human pose and mask estimation,1
2410.20651,2024,SubjECTive-QA,1
2410.20651,2024,subjectivity,1
2410.20651,2024,earnings call transcript' QA,1
2410.20651,2024,dimensional feature analysis,1
2410.21108,2024,LiGAR,1
2410.21108,2024,LiDAR-guided hierarchical transformer,1
2410.21108,2024,multi-modal group activity recognition,1
2410.21484,2024,systematic review,1
2410.21484,2024,machine learning,1
2410.21484,2024,betting,1
2410.21484,2024,techniques,1
2410.21484,2024,challenges,1
2410.21484,2024,future directions,1
2410.21670,2024,sequential choice,1
2410.21670,2024,order bundle,1
2411.08901,2024,SoccerGuard,1
2411.08901,2024,injury risk factors,1
2411.08901,2024,professional soccer players,1
2411.08901,2024,machine learning,1
2410.22288,2024,motion graph,1
2410.22288,2024,video prediction,1
2411.00862,2024,simple and effective temporal grounding pipeline,1
2411.00862,2024,basketball broadcast footage,1
2410.23283,2024,DisCo,1
2410.23283,2024,distribute contact-rich trajectory optimization,1
2410.23283,2024,forceful multi-robot collaboration,1
2411.00882,2024,technical report,1
2411.00882,2024,soccernet,1
2411.00882,2024,dense video captioning,1
2411.00898,2024,replace-then-perturb,1
2411.00898,2024,adversarial attacks,1
2411.00898,2024,visual reasoning,1
2411.00898,2024,VLM,1
2411.10465,2024,MICA,1
2411.10465,2024,medical intelligent conversational AgentHow,1
2411.10465,2024,medical teleconsultation,1
2411.10465,2024,patient,1
2411.10465,2024,conversational agent,1
2411.02000,2024,shooting performance,1
2411.02000,2024,professional biathlon,1
2411.02343,2024,Boulder2Vec,1
2411.02343,2024,modeling climber performances,1
2411.02343,2024,professional bouldering competitions,1
2411.02954,2024,IMUDiffusion,1
2411.02954,2024,diffusion model,1
2411.02954,2024,multivariate time series synthetisation,1
2411.02954,2024,inertial motion capturing systems,1
2411.04501,2024,Pose2Trajectory,1
2411.04501,2024,transformers,1
2411.04501,2024,body pose,1
2411.04501,2024,tennis player's trajectory,1
2411.04508,2024,comprehensive review,1
2411.04508,2024,multimodal XR applications,1
2411.04508,2024,risk,1
2411.04508,2024,ethical challenges,1
2411.04508,2024,metaverse,1
2411.04942,2024,reinforcement learning-base automatic video editing method,1
2411.04942,2024,pre-train VLM,1
2411.05098,2024,proposal,1
2411.05098,2024,contact detection system,1
2411.05098,2024,micro,1
2411.05098,2024,phone,1
2411.05098,2024,chambara-base augmented,1
2411.05135,2024,vibrotactile belt,1
2411.05135,2024,interpersonal synchronization,1
2411.05135,2024,breath,1
2411.05734,2024,poze,1
2411.05734,2024,technique feedback,1
2411.05734,2024,data constraints,1
2411.05784,2024,safe reinforcement learning,1
2411.05784,2024,robot trajectories,1
2411.05784,2024,presence,1
2411.05784,2024,moving obstacles,1
2411.06720,2024,real-time monitoring,1
2411.06720,2024,track and field athletes,1
2411.06720,2024,edge computing,1
2411.06720,2024,deep reinforcement learning algorithm,1
2411.06725,2024,GTA-net,1
2411.06725,2024,IoT-integrate 3d pose estimation system,1
2411.06725,2024,real-time adolescent sports posture correction,1
2411.08216,2024,GTA,1
2411.08216,2024,global tracklet association,1
2411.08216,2024,multi-object tracking,1
2411.09085,2024,predictive modeling,1
2411.09085,2024,low-level english club soccer,1
2411.09085,2024,crowd-sourced player valuation,1
2411.10400,2024,loser's curse,1
2411.10400,2024,critical role,1
2411.10400,2024,utility function,1
2411.10582,2024,motion diffusion-guided 3d global HMR,1
2411.10582,2024,dynamic camera,1
2411.11658,2024,IHARDS-CNN,1
2411.11658,2024,cutting-edge deep learning method,1
2411.11658,2024,human activity recognition,1
2411.11658,2024,wearable sensor,1
2411.12458,2024,variation,1
2411.12458,2024,credible and non-credible news,1
2411.12458,2024,topic,1
2411.12676,2024,IoT-base 3d pose estimation and motion optimization,1
2411.12676,2024,athletes,1
2411.12676,2024,C3D,1
2411.12676,2024,OpenPose,1
2411.13696,2024,fast,1
2411.13696,2024,furious,1
2411.13696,2024,effect,1
2411.13696,2024,tomoa skip,1
2411.13696,2024,speed climbing,1
2411.14131,2024,sEMG-base gesture-free hand intention recognition,1
2411.14131,2024,toolbox,1
2411.14131,2024,benchmark result,1
2411.14257,2024,entity,1
2411.14257,2024,knowledge awareness,1
2411.14257,2024,hallucinations,1
2411.14257,2024,language model,1
2412.06794,2024,impact,1
2412.06794,2024,news articles,1
2412.06794,2024,movement,1
2412.06794,2024,market index,1
2412.06794,2024,nifty,1
2411.15075,2024,effects,1
2411.15075,2024,major league baseball's ban,1
2411.15075,2024,infield shifts,1
2411.15075,2024,quasi-experimental analysis,1
2411.15721,2024,research,1
2411.15721,2024,effectiveness evaluation,1
2411.15721,2024,optimization,1
2411.15721,2024,baseball teaching method,1
2411.15721,2024,machine learning,1
2411.16216,2024,soccer motion generation,1
2411.16216,2024,diffusion probabilistic model,1
2411.16805,2024,human motion instruction tuning,1
2411.17776,2024,large-scale image-text benchmark,1
2411.17776,2024,text-base person anomaly search,1
2411.17450,2024,graph neural network deep-dive,1
2411.17450,2024,successful counterattack,1
2411.18808,2024,lifting motion,1
2411.18808,2024,3d world,1
2411.18808,2024,2d diffusion,1
2412.00737,2024,modification,1
2412.00737,2024,muscle antagonistic relation,1
2412.00737,2024,hand trajectory,1
2412.00737,2024,dynamic motion,1
2412.00737,2024,musculoskeletal humanoid,1
2412.01480,2024,maximum impulse approach,1
2412.01480,2024,soccer kicking,1
2412.01480,2024,humanoid robots,1
2412.01721,2024,BroadTrack,1
2412.01721,2024,broadcast camera tracking,1
2412.01721,2024,soccer,1
2412.12118,2024,high-throughput detection,1
2412.12118,2024,risk factors,1
2412.12118,2024,sudden cardiac arrest,1
2412.12118,2024,youth athletes,1
2412.12118,2024,smartwatch-base screening platform,1
2412.01820,2024,universal soccer video understanding,1
2412.02493,2024,dynamic scenes,1
2412.02493,2024,large-scale and complex motions,1
2412.02493,2024,relay gaussians,1
2412.04531,2024,large multimodal models,1
2412.04531,2024,agent,1
2412.05055,2024,information flows,1
2412.05055,2024,athletes' health and performance datum,1
2412.05460,2024,CigTime,1
2412.05460,2024,corrective instruction generation,1
2412.05460,2024,inverse motion,1
2412.05460,2024,editing,1
2412.05816,2024,real-time prediction,1
2412.05816,2024,athletes' psychological states,1
2412.05816,2024,BERT-XGBoost,1
2412.05816,2024,human-computer interaction,1
2412.05911,2024,unveil true talent,1
2412.05911,2024,soccer factor model,1
2412.05911,2024,skill evaluation,1
2412.06258,2024,enhanced multi-object tracking,1
2412.06258,2024,pose-base virtual markers,1
2412.06258,2024,basketball,1
2412.08303,2024,spatial similarity index,1
2412.08303,2024,football,1
2412.08840,2024,causal effect,1
2412.08840,2024,national basketball association,1
2412.09417,2024,classical robotics stack,1
2412.09417,2024,robot,1
2412.09417,2024,soccer,1
2412.10298,2024,broadcast,1
2412.10298,2024,viewership,1
2412.10298,2024,social media engagement,1
2412.11149,2024,comprehensive survey,1
2412.11149,2024,action quality assessment,1
2412.11814,2024,EventSum,1
2412.11814,2024,large-scale event-centric summarization dataset,1
2412.11814,2024,chinese multi-news document,1
2412.12990,2024,future aspects,1
2412.12990,2024,human action recognition,1
2412.12990,2024,emerging techniques,1
2412.12990,2024,ethical influences,1
2412.14643,2024,RefHCM,1
2412.14643,2024,unified model,1
2412.14643,2024,perceptions,1
2412.14643,2024,human-centric scenarios,1
2412.15517,2024,novelty-guided data reuse,1
2412.15517,2024,efficient,1
2412.15517,2024,diversified multi-agent reinforcement learning,1
2412.15673,2024,learning group interactions,1
2412.15673,2024,semantic intentions,1
2412.15673,2024,multi-object trajectory prediction,1
2412.15877,2024,approximate state abstraction,1
2412.15877,2024,markov games,1
2412.16454,2024,FACTS,1
2412.16454,2024,fine-grained action classification,1
2412.16454,2024,tactical,1
2412.16892,2024,interaction design toolkit,1
2412.16892,2024,physical task guidance,1
2412.16892,2024,artificial intelligence and mixed reality,1
2412.17637,2024,SCBench,1
2412.17637,2024,commentary benchmark,1
2412.17637,2024,video LLM,1
2412.18204,2024,box dataset,1
2412.18204,2024,multi-label action classification,1
2412.18785,2024,multi-person meshes,1
2412.18785,2024,multi-view cameras,1
2412.18785,2024,human semantics,1
2412.19215,2024,fantasy sports team selection,1
2412.19215,2024,deep reinforcement learning,1
2412.19363,2024,large language models,1
2412.19363,2024,market research,1
2412.19363,2024,data-augmentation approach,1
2412.20360,2024,left-handed representation,1
2412.20360,2024,male professional tennis player,1
2412.20360,2024,multi-disciplinary perspective,1
2412.20733,2024,nation-wide analytical healthcare infrastructure,1
2501.04712,2024,intensity,1
2501.04712,2024,soccer,1
2412.21181,2024,causal hangover effects,1
2501.00126,2024,competitiveness,1
2501.00126,2024,formula 1 championship,1
2501.00126,2024,kendall,1
2501.00126,2024,evolutive coefficient,1
2501.02505,2025,estimation,1
2501.02505,2025,partial ranking,1
2501.02771,2025,global 3d pose estimation,1
2501.03674,2025,action quality assessment,1
2501.03674,2025,hierarchical pose-guide multi-stage contrastive regression,1
2501.05858,2025,geostrategy,1
2501.05858,2025,youth player recruitment,1
2501.05858,2025,portuguese clubs,1
2501.05870,2025,neighbor-base approach,1
2501.05870,2025,pitch ownership models,1
2501.05870,2025,soccer,1
2501.05873,2025,soccer matches,1
2501.05873,2025,distribution,1
2501.06472,2025,YO-CSA-t,1
2501.06472,2025,real-time badminton tracking system,1
2501.06472,2025,contextual and spatial attention,1
2501.07221,2025,use,1
2501.07221,2025,contrastive language-image pre,1
2501.07221,2025,training,1
2501.07221,2025,human posture classification,1
2501.07221,2025,insight,1
2501.07221,2025,yoga pose analysis,1
2501.07502,2025,human-inspire multi-level reinforcement learning,1
2501.07960,2025,SkipClick,1
2501.07960,2025,combine quick responses,1
2501.07960,2025,low-level feature,1
2501.07960,2025,interactive segmentation,1
2501.07960,2025,winter sports contexts,1
2501.09281,2025,SoccerSynth-detection,1
2501.09281,2025,synthetic dataset,1
2501.09281,2025,soccer player detection,1
2501.10299,2025,optimal transport,1
2501.10299,2025,distance,1
2501.10299,2025,style,1
2501.10299,2025,collective,1
2501.18606,2025,temporal dynamic,1
2501.18606,2025,goal scoring,1
2501.18606,2025,soccer,1
2501.12082,2025,multi-annotated and multi-modal dataset,1
2501.12082,2025,wide-angle video quality assessment,1
2501.12501,2025,domain adaptation framework,1
2501.12501,2025,speech recognition systems,1
2501.12501,2025,synthetic datum,1
2501.13066,2025,SMART-vision,1
2501.13066,2025,survey,1
2501.13066,2025,modern action recognition techniques,1
2501.13066,2025,vision,1
2501.13630,2025,VARFVV,1
2501.13630,2025,view-adaptive real-time interactive free-view video streaming,1
2501.13630,2025,edge computing,1
2501.14439,2025,pose estimation,1
2501.14439,2025,focused human and joint regions,1
2501.16078,2025,integration,1
2501.16078,2025,LLM quality assurance,1
2501.16078,2025,NLG system,1
2501.16100,2025,automated detection,1
2501.16100,2025,highlights,1
2501.16100,2025,audio and video source,1
2503.15509,2025,datum,1
2503.15509,2025,word,1
2501.17903,2025,free agent,1
2501.17903,2025,expert,1
2501.17711,2025,STGCN-LSTM,1
2501.17711,2025,olympic medal prediction,1
2501.17711,2025,dynamic power modeling,1
2501.17711,2025,causal policy optimization,1
2502.00749,2025,event-base perception pipeline,1
2502.00749,2025,table tennis robot,1
2502.01613,2025,statistical enhanced learning,1
2502.01613,2025,grand slam tournament,1
2502.01932,2025,VolleyBots,1
2502.01932,2025,testbed,1
2502.01932,2025,multi-drone volleyball game combining motion control,1
2502.01932,2025,strategic play,1
2502.02565,2025,expect possession value,1
2502.02565,2025,football,1
2502.02565,2025,u-net architecture,1
2502.02565,2025,reward,1
2502.02565,2025,risk,1
2502.02565,2025,pass,1
2502.02785,2025,OpenSTARLab,1
2502.02785,2025,open approach,1
2502.02785,2025,spatio-temporal agent data analysis,1
2502.02785,2025,soccer,1
2502.02817,2025,decade,1
2502.02817,2025,action quality assessment,1
2502.02817,2025,largest systematic survey,1
2502.02817,2025,trends,1
2502.02817,2025,future directions,1
2502.02943,2025,social media,1
2502.02943,2025,inverse reinforcement learning,1
2502.03206,2025,unified and general humanoid whole-body controller,1
2502.03206,2025,versatile locomotion,1
2502.03342,2025,statistical analysis,1
2502.03342,2025,team formation,1
2502.03342,2025,player role,1
2502.03342,2025,football,1
2505.15820,2025,common data format,1
2505.15820,2025,CDF,1
2505.15820,2025,standardized format,1
2505.15820,2025,match-data,1
2505.15820,2025,football,1
2505.15820,2025,soccer,1
2502.04085,2025,accurate estimate,1
2502.04085,2025,ultimate 100-meter records,1
2502.04218,2025,women's sports: gender bias,1
2502.04218,2025,text generation,1
2502.04218,2025,olympic data,1
2502.04483,2025,physical plausibility,1
2502.04483,2025,3d human poses,1
2502.04483,2025,physics simulation,1
2502.04864,2025,redistributing reward,1
2502.04864,2025,agents,1
2502.04864,2025,multi-agent reinforcement learning,1
2502.05102,2025,series analysis,1
2502.05102,2025,rankings,1
2502.05102,2025,GARCH-type approach,1
2502.05548,2025,soccer goalkeeper performance evaluation,1
2502.05548,2025,clustering approach,1
2502.07491,2025,patterns,1
2502.07528,2025,future development,1
2502.07528,2025,quality,1
2502.07528,2025,value,1
2502.07528,2025,professional football player,1
2502.08565,2025,competitiveness,1
2502.08565,2025,imbalance group,1
2502.08565,2025,team FIFA world cup,1
2502.08621,2025,SportsBuddy,1
2502.08621,2025,designing,1
2502.08621,2025,AI-power sports video storytelling tool,1
2502.08621,2025,real-world deployment,1
2502.08833,2025,LayeredSense,1
2502.08833,2025,hierarchical recognition,1
2502.08833,2025,complex daily activities,1
2502.08833,2025,wearable sensor,1
2502.09099,2025,differential index measuring rater's capability,1
2502.09099,2025,educational assessment,1
2502.09460,2025,metamorphic testing,1
2502.09460,2025,pose estimation systems,1
2502.09693,2025,ronaldo's a poser,1
2502.09693,2025,use,1
2502.09693,2025,generative AI,1
2502.09693,2025,online forums,1
2502.09844,2025,empirical bayes,1
2502.09844,2025,transformer,1
2502.09899,2025,transtiff,1
2502.09899,2025,stylus-shaped interface,1
2502.09899,2025,perceive stiffness,1
2502.09899,2025,virtual object,1
2502.09899,2025,stylus stiffness control,1
2502.09967,2025,VicKAM,1
2502.09967,2025,visual conceptual knowledge guided action map,1
2502.09967,2025,weakly supervised group activity recognition,1
2502.10894,2025,sim-to-real gap,1
2502.10894,2025,athletic loco-manipulation,1
2502.12558,2025,MomentSeeker,1
2502.12558,2025,task-orient benchmark,1
2502.12558,2025,long-video moment retrieval,1
2502.13430,2025,vision-base generic potential function,1
2502.13430,2025,policy alignment,1
2502.13430,2025,multi-agent reinforcement learning,1
2502.14731,2025,performance scores,1
2502.14731,2025,directed functional connectivity,1
2502.14731,2025,brain-based biomarker,1
2502.14731,2025,motor skill learning,1
2502.14731,2025,retention,1
2502.15185,2025,body posture characteristics,1
2502.15185,2025,short-distance speed skaters,1
2502.15185,2025,start,1
2502.15185,2025,artificial intelligence,1
2502.15462,2025,game state and spatio-temporal action detection,1
2502.15462,2025,soccer,1
2502.15462,2025,graph neural networks,1
2502.15462,2025,3d convolutional networks,1
2502.16030,2025,real time offside detection,1
2502.16030,2025,single camera,1
2502.16030,2025,soccer,1
2503.05753,2025,AI writers,1
2503.05753,2025,technology,1
2503.05753,2025,impact,1
2503.05753,2025,future prospect,1
2502.16313,2025,multilevel model,1
2502.16313,2025,heterogeneous variance,1
2502.16313,2025,snap timing,1
2502.16313,2025,national football league,1
2502.16496,2025,PMAT,1
2502.16496,2025,action generation order,1
2502.16496,2025,multi-agent reinforcement learning,1
2502.16606,2025,affordances,1
2502.16606,2025,causal,1
2502.16606,2025,compositional reasoning,1
2502.16606,2025,LLM,1
2503.16462,2025,social norms,1
2503.16462,2025,low-speed autonomous vehicle navigation,1
2503.16462,2025,crowded environments,1
2503.16462,2025,online survey,1
2502.17244,2025,high-resolution plantar pressure,1
2502.17244,2025,gait analysis,1
2502.17244,2025,vary footwear,1
2502.17244,2025,speed,1
2502.17855,2025,k-12 physical education teachers' perspective,1
2502.17855,2025,opportunities,1
2502.17855,2025,challenges,1
2502.17855,2025,AI integration,1
2502.17855,2025,ideation workshops,1
2502.17934,2025,interlayer dependence,1
2502.17934,2025,large degrees,1
2502.17934,2025,multilayer inhomogeneous random graphs,1
2502.18332,2025,attractiveness,1
2502.18332,2025,equal treatment,1
2502.18332,2025,group,1
2503.11669,2025,fast algorithm,1
2503.11669,2025,calculating probability,1
2503.11669,2025,chess winning streaks,1
2502.18867,2025,enhanced transformer-base tracking,1
2502.18867,2025,skiing event,1
2502.18867,2025,multi-camera challenges,1
2502.18867,2025,scale variations,1
2502.18867,2025,rapid motion,1
2502.18867,2025,SkiTB visual tracking challenge,1
2503.05785,2025,artificial intelligence,1
2503.05785,2025,insight,1
2503.05785,2025,quantitative survey,1
2503.05785,2025,students,1
2503.05785,2025,germany,1
2503.05785,2025,perceptions,1
2503.05785,2025,expectation,1
2503.05785,2025,concern,1
2503.05785,2025,use,1
2503.05785,2025,AI tool,1
2502.21085,2025,BST,1
2502.21085,2025,badminton stroke-type transformer,1
2502.21085,2025,skeleton-base action recognition,1
2502.21085,2025,racket,1
2503.01907,2025,technical report,1
2503.01907,2025,ReID-SAM,1
2503.01907,2025,SkiTB visual tracking challenge,1
2502.21242,2025,long-term player,1
2502.21242,2025,graph hierarchy,1
2502.21242,2025,domain-specific feature,1
2503.00147,2025,precise event,1
2503.00147,2025,video,1
2503.00147,2025,long-range dependency,1
2503.00147,2025,class imbalance,1
2503.00458,2025,machine learning,1
2503.00458,2025,sequence visualization,1
2503.00458,2025,generation,1
2503.01251,2025,spinning table tennis balls,1
2503.01251,2025,simulation,1
2503.01251,2025,end,1
2503.02137,2025,field goal attempt,1
2503.02137,2025,professional players,1
2503.02137,2025,basketball shot charts,1
2503.02137,2025,log gaussian cox processes,1
2503.02137,2025,spatially varying coefficients,1
2503.03717,2025,machine learning,1
2503.03717,2025,biomechanics,1
2503.03717,2025,applications,1
2503.03717,2025,limitations,1
2503.03717,2025,walking,1
2503.03717,2025,running,1
2503.03717,2025,movement,1
2503.04470,2025,gate-shift-pose,1
2503.04470,2025,enhance action recognition,1
2503.04470,2025,skeleton information,1
2503.05092,2025,multi-robot collaboration,1
2503.05092,2025,reinforcement learning,1
2503.05092,2025,abstract simulation,1
2503.05093,2025,visual cues,1
2503.05093,2025,gender,1
2503.05093,2025,race,1
2503.05093,2025,VLM,1
2503.06522,2025,SGA-INTERACT,1
2503.06522,2025,3d skeleton-base benchmark,1
2503.06522,2025,group activity understanding,1
2503.06522,2025,modern basketball tactic,1
2503.06523,2025,generative AI,1
2503.06523,2025,digital media,1
2503.06800,2025,VideoPhy-2,1
2503.06800,2025,centric,1
2503.06800,2025,video generation,1
2503.07499,2025,AthletePose3D: a benchmark dataset,1
2503.07499,2025,3d pose estimation,1
2503.07499,2025,kinematic validation,1
2503.07499,2025,athletic movement,1
2503.07536,2025,LMM-r1,1
2503.07536,2025,3b LMM,1
2503.07536,2025,strong reasoning abilities,1
2503.07536,2025,stage rule-base RL,1
2503.07789,2025,professional player,1
2503.07789,2025,shot location,1
2503.07789,2025,field goal attempt,1
2503.07789,2025,bayesian additive regression tree,1
2503.08100,2025,volleyball season performance,1
2503.08100,2025,pre-season wearable data,1
2503.08100,2025,machine learning,1
2503.08883,2025,imitation learning,1
2503.08883,2025,correlated policies,1
2503.08883,2025,stackelberg games,1
2503.08945,2025,PassAI,1
2503.08945,2025,explainable artificial intelligence algorithm,1
2503.08945,2025,soccer,1
2503.08945,2025,multimodal information resource,1
2503.09737,2025,hidden pivotal players,1
2503.09737,2025,GoalNet,1
2503.10722,2025,TacticExpert,1
2503.10722,2025,spatial-temporal graph language model,1
2503.10722,2025,basketball tactics,1
2503.11004,2025,VA-AR: learning velocity-aware action representations,1
2503.11004,2025,mixture,1
2503.11004,2025,window attention,1
2503.11020,2025,fast and robust localization,1
2503.11020,2025,humanoid soccer robot,1
2503.11020,2025,iterative landmark matching,1
2503.11726,2025,scalable multi-agent reinforcement learning,1
2503.11726,2025,permutation-free network,1
2503.11181,2025,multi-stage generative upscaler,1
2503.11181,2025,football broadcast images,1
2503.11181,2025,diffusion model,1
2503.14530,2025,SAUCE,1
2503.14530,2025,selective concept unlearning,1
2503.14530,2025,vision-language models,1
2503.14530,2025,sparse autoencoders,1
2503.21790,2025,march madness tournament prediction model,1
2503.21790,2025,mathematical modeling approach,1
2503.12981,2025,swimming performance,1
2503.13040,2025,diminish return,1
2503.13040,2025,scoring system,1
2503.13040,2025,powerlifting,1
2503.13569,2025,ranking matter,1
2503.13569,2025,format,1
2503.13569,2025,good team,1
2503.13569,2025,knockout phase,1
2503.13569,2025,UEFA champions league,1
2503.13077,2025,sample efficiency,1
2503.13077,2025,multi-agent reinforcement learning,1
2503.13077,2025,simulated football games,1
2503.13077,2025,exploration,1
2503.13956,2025,LLM video understanding,1
2503.13956,2025,frame,1
2503.13969,2025,SoccerSynth field,1
2503.13969,2025,field detection,1
2503.13969,2025,synthetic datum,1
2503.13969,2025,virtual soccer simulator,1
2503.14173,2025,NERCat: fine-tuning,1
2503.14173,2025,enhanced named entity recognition,1
2503.14173,2025,catalan,1
2503.14190,2025,infer event,1
2503.14190,2025,series,1
2503.14190,2025,language model,1
2503.14637,2025,KINESIS,1
2503.14637,2025,motion imitation,1
2503.14637,2025,human musculoskeletal locomotion,1
2503.14760,2025,validation,1
2503.14760,2025,pose estimation,1
2503.14760,2025,human mesh recovery,1
2503.14760,2025,clinically relevant motion data,1
2503.14760,2025,video,1
2503.15225,2025,human individual motor signatures,1
2503.15225,2025,data-drive approach,1
2503.15225,2025,repetitive motion,1
2503.15290,2025,reinforcement learning,1
2503.15290,2025,robust athletic intelligence,1
2503.15290,2025,lesson,1
2503.15290,2025,2nd 'AI olympics,1
2503.15290,2025,competition,1
2503.16557,2025,cultural dimensions,1
2503.16557,2025,technological acceptance,1
2503.16557,2025,adoption,1
2503.16557,2025,electronic performance,1
2503.16557,2025,tracking systems,1
2503.16557,2025,qatar's football sector,1
2504.03681,2025,end,1
2504.03681,2025,real-time neuroimaging-based assessment,1
2504.03681,2025,bimanual motor skills,1
2503.17646,2025,audio representations,1
2503.17646,2025,vibration-base crowd monitoring,1
2503.17646,2025,stadium,1
2503.18282,2025,TrackID3x3,1
2503.18282,2025,algorithm,1
2503.18282,2025,multi-player tracking,1
2503.18282,2025,identification,1
2503.18282,2025,pose estimation,1
2503.18282,2025,basketball full-court video,1
2503.18589,2025,unified uncertainty-aware diffusion,1
2503.18589,2025,multi-agent trajectory modeling,1
2504.08747,2025,GridMind,1
2504.08747,2025,multi-agent NLP framework,1
2504.08747,2025,unified,1
2504.08747,2025,cross-modal NFL data insights,1
2503.19355,2025,ST-VLM,1
2503.19355,2025,kinematic instruction tuning,1
2503.19355,2025,spatio-temporal reasoning,1
2503.19355,2025,VLM,1
2503.21809,2025,predictive accuracy,1
2503.21809,2025,tennis,1
2503.21809,2025,fuzzy logic,1
2503.21809,2025,CV-GRNN,1
2503.21809,2025,dynamic match outcome,1
2503.19809,2025,simulating tracking data,1
2503.19809,2025,advance sports analytics research,1
2503.20715,2025,annotation,1
2503.20715,2025,adaptation,1
2503.20715,2025,synthetic data,1
2503.20715,2025,aspect extraction,1
2503.20715,2025,aspect-base sentiment analysis,1
2503.20715,2025,LLM,1
2503.20781,2025,BASKET,1
2503.20781,2025,large-scale video dataset,1
2503.20781,2025,fine-grained skill estimation,1
2503.20936,2025,anticipate table tennis hits,1
2503.20936,2025,monocular videos,1
2503.21067,2025,AskSport,1
2503.21067,2025,web application,1
2503.21067,2025,question-answering,1
2503.22757,2025,strategy,1
2503.22757,2025,decentralised UAV-base collision,1
2503.22757,2025,rugby,1
2503.21713,2025,experiential effects,1
2503.21713,2025,online chess,1
2503.21713,2025,hierarchical bayesian analysis,1
2503.22363,2025,ForcePose,1
2503.22363,2025,deep learning approach,1
2503.22363,2025,force calculation,1
2503.22363,2025,action recognition,1
2503.22363,2025,MediaPipe pose estimation,1
2503.22363,2025,object detection,1
2504.08764,2025,evaluation,1
2504.08764,2025,phi-3-mini SLM,1
2504.08764,2025,identification,1
2504.08764,2025,text,1
2504.08764,2025,medicine,1
2504.08764,2025,health,1
2504.08764,2025,injury,1
2503.23911,2025,FineCausal,1
2503.23911,2025,causal-base framework,1
2503.23911,2025,interpretable fine-grained action quality assessment,1
2504.00767,2025,automated explanation,1
2504.00767,2025,machine learning models,1
2504.00767,2025,footballing actions,1
2504.00767,2025,word,1
2504.01190,2025,video quality assessment,1
2504.01190,2025,resolution cross,1
2504.01190,2025,live,1
2504.02184,2025,model predictive control,1
2504.02184,2025,visibility graphs,1
2504.02184,2025,humanoid path planning,1
2504.02184,2025,tracking,1
2504.02184,2025,adversarial opponents,1
2504.06313,2025,image,1
2504.06313,2025,representation,1
2504.06313,2025,people,1
2504.06313,2025,nationalities engaging,1
2504.06163,2025,action valuation,1
2504.06163,2025,survey,1
2504.06357,2025,broadcast,1
2504.06357,2025,minimap,1
2504.06357,2025,art,1
2504.06386,2025,SPoRt,1
2504.06386,2025,safe policy ratio,1
2504.06386,2025,certified training,1
2504.06386,2025,deployment,1
2504.06386,2025,task policies,1
2504.06386,2025,model-free RL,1
2504.07291,2025,NFL draft modelling,1
2504.07291,2025,loss functional analysis,1
2504.20052,2025,geometry,1
2504.20052,2025,central view,1
2504.20052,2025,field registration,1
2504.08110,2025,unconstrained 2d pose estimation,1
2504.08110,2025,human spine,1
2504.08175,2025,multi-person physics-base pose estimation,1
2504.08175,2025,combat,1
2504.08222,2025,f set,1
2504.08222,2025,"fast, frequent, and fine-grain event",1
2504.08222,2025,video,1
2504.09499,2025,mechanism,1
2504.09499,2025,hattrick football manager game,1
2504.09499,2025,bayesian network structure,1
2504.09865,2025,label messages,1
2504.09865,2025,AI-generated,1
2504.09865,2025,persuasive effect,1
2504.09953,2025,efficient 2d,1
2504.09953,2025,3d human pose uplifting,1
2504.09953,2025,joint rotations,1
2504.10035,2025,TT3D,1
2504.10035,2025,table tennis 3d reconstruction,1
2504.10106,2025,SoccerNet-v3d,1
2504.10106,2025,broadcast replays,1
2504.10106,2025,3d scene understanding,1
2504.10486,2025,DNF-avatar,1
2504.10486,2025,distilling neural fields,1
2504.10486,2025,real-time animatable avatar relighting,1
2504.11570,2025,traffic adaptive moving-window service patrolling,1
2504.11570,2025,real-time incident management,1
2504.11570,2025,high-impact event,1
2504.12021,2025,action anticipation,1
2504.12021,2025,SoccerNet football video broadcast,1
2504.12045,2025,pix2pocket,1
2504.12045,2025,shot suggestions,1
2504.12045,2025,ball pool,1
2504.12045,2025,single image,1
2504.12100,2025,generalized visual relation detection,1
2504.12100,2025,diffusion model,1
2504.15072,2025,rhythm,1
2504.15072,2025,opinion,1
2504.15072,2025,hawkes-graph framework,1
2504.15072,2025,dynamic propagation analysis,1
2504.15746,2025,tennis training,1
2504.15746,2025,real-time swing data visualisation,1
2504.15746,2025,immersive virtual reality,1
2504.16572,2025,datum gaps,1
2504.16572,2025,building knowledge networks,1
2504.16572,2025,indian football analytics,1
2504.17365,2025,TimeSoccer,1
2504.17365,2025,end,1
2504.17365,2025,soccer commentary generation,1
2504.17771,2025,integrating,1
2504.17771,2025,learning-base manipulation,1
2504.17771,2025,physics-base locomotion,1
2504.17771,2025,body badminton robot control,1
2504.17960,2025,open-access framework,1
2504.17960,2025,visual gait,1
2504.17960,2025,motion analytics,1
2504.18106,2025,comparative study,1
2504.18106,2025,discourse meaning,1
2504.18106,2025,chinese and english media,1
2504.18106,2025,paris olympics,1
2504.18106,2025,LDA topic modeling technology,1
2504.18106,2025,LLM prompt engineering,1
2505.06238,2025,impact,1
2505.06238,2025,external and internal factors,1
2505.06238,2025,emergency department overcrowding,1
2504.19514,2025,FSBench,1
2504.19514,2025,figure skating benchmark,1
2504.19514,2025,advancing artistic sports understanding,1
2504.19863,2025,ball spin and trajectory analysis,1
2504.19863,2025,table tennis broadcast video,1
2504.19863,2025,real,1
2504.20459,2025,SAS-prompt,1
2504.20459,2025,large language models,1
2504.20459,2025,numerical optimizers,1
2504.20459,2025,robot self-improvement,1
2504.20808,2025,SoccerDiffusion,1
2504.20808,2025,end,1
2504.20808,2025,gameplay recordings,1
2504.20859,2025,x-cross: dynamic integration,1
2504.20859,2025,language models,1
2504.20859,2025,cross-domain sequential recommendation,1
2504.21216,2025,PhysicsFC,1
2504.21216,2025,learning,1
2504.21216,2025,user-controlled skills,1
2504.21216,2025,physics-based football player controller,1
2504.21561,2025,iterative tool usage exploration,1
2504.21561,2025,multimodal agents,1
2504.21561,2025,step-wise preference tuning,1
2505.00101,2025,lab,1
2505.00101,2025,wrist,1
2505.00101,2025,consumer wearables,1
2505.00101,2025,heart rate,1
2505.00101,2025,oxygen consumption modeling,1
2505.01617,2025,high speed robotic table tennis swinging,1
2505.01617,2025,lightweight hardware,1
2505.01617,2025,model predictive control,1
2505.01902,2025,players,1
2505.01902,2025,champions,1
2505.01902,2025,match outcome prediction,1
2505.01902,2025,insight,1
2505.01902,2025,FIFA world cup,1
2505.02170,2025,data-drive framework,1
2505.02170,2025,team selection,1
2505.02170,2025,fantasy premier league,1
2505.03154,2025,StableMotion,1
2505.03154,2025,training motion cleanup models,1
2505.03154,2025,unpaired corrupted data,1
2505.03445,2025,polar coordinate-base 2d pose prior,1
2505.03445,2025,neural distance field,1
2505.03735,2025,multi-agent system,1
2505.03735,2025,comprehensive soccer understanding,1
2505.03991,2025,deep learning,1
2505.03991,2025,video event detection,1
2505.04317,2025,mastering multi-drone volleyball,1
2505.04317,2025,hierarchical co,1
2505.04317,2025,self-play reinforcement learning,1
2505.04713,2025,comparison,1
2505.04713,2025,visual trackers,1
2505.04713,2025,biomechanical analysis,1
2505.05120,2025,MLB seasons,1
2505.05120,2025,bayesian inference,1
2505.05120,2025,random walks,1
2505.05356,2025,flight,1
2505.05356,2025,gaussians,1
2505.05356,2025,depth,1
2505.05356,2025,dynamic radiance field,1
2505.06588,2025,emergent multi-view fidelity,1
2505.06588,2025,autonomous UAV swarm sport injury detection,1
2505.07294,2025,HuB: learning extreme humanoid balance,1
2505.08238,2025,motion control,1
2505.08238,2025,high-dimensional musculoskeletal systems,1
2505.08238,2025,hierarchical model-based planning,1
2505.08665,2025,SkillFormer,1
2505.08665,2025,unified multi-view video understanding,1
2505.08665,2025,proficiency estimation,1
2505.09024,2025,automated meta prompt engineering,1
2505.09024,2025,alignment,1
2505.09024,2025,theory,1
2505.09024,2025,mind,1
2505.09455,2025,pixels,1
2505.09455,2025,language,1
2505.09455,2025,soccer,1
2505.09455,2025,spatio-temporal action detection,1
2505.09455,2025,broadcast videos,1
2505.11326,2025,temporally-ground language generation,1
2505.11326,2025,real-time VLM,1
2505.11841,2025,causal questions,1
2505.11841,2025,analytics,1
2505.11841,2025,tutorial,1
2505.11841,2025,estimand choice,1
2505.11841,2025,crossing,1
2505.11841,2025,soccer,1
2505.14711,2025,space evaluation,1
2505.14711,2025,starting point,1
2505.14711,2025,soccer transition,1
2505.12619,2025,HIL,1
2505.12619,2025,hybrid imitation learning,1
2505.12619,2025,diverse parkour skills,1
2505.12619,2025,video,1
2505.12679,2025,dribble master,1
2505.12679,2025,legged locomotion,1
2505.12854,2025,hold usage detection,1
2505.12854,2025,climbing,1
2505.13106,2025,tournament,1
2505.13106,2025,case,1
2505.13106,2025,FIFA world cup,1
2505.13834,2025,real-world cooperative and competitive soccer,1
2505.13834,2025,quadrupedal robot teams,1
2505.13860,2025,domain adaptation,1
2505.13860,2025,VLM,1
2505.13860,2025,soccer video understanding,1
2505.15859,2025,AutoData,1
2505.15859,2025,multi-agent system,1
2505.15859,2025,open web data collection,1
2505.16175,2025,QuickVideo,1
2505.16175,2025,real-time long video understanding,1
2505.16175,2025,system algorithm co,1
2505.16175,2025,design,1
2505.16199,2025,velocity completion task,1
2505.16199,2025,event-base player positional data,1
2505.16199,2025,soccer,1
2505.16630,2025,SoccerChat,1
2505.16630,2025,integrating,1
2505.16630,2025,multimodal data,1
2505.16630,2025,enhanced soccer game understanding,1
2505.19813,2025,GoLF-NRT,1
2505.19813,2025,global context,1
2505.19813,2025,local geometry,1
2505.19813,2025,shot view synthesis,1
2505.20987,2025,NTCIR-18,1
2505.20987,2025,lifelog-6 task,1
2505.23810,2025,MARS-bench,1
2505.23810,2025,multi-turn athletic real-world scenario benchmark,1
2505.23810,2025,dialogue evaluation,1
2505.21882,2025,HydraNet,1
2505.21882,2025,momentum-drive state space duality,1
2505.21882,2025,multi-granularity tennis tournaments analysis,1
2505.21916,2025,prior reinforce,1
2505.21916,2025,goal-condition dynamic manipulation,1
2505.21916,2025,limited trials,1
2505.22007,2025,event-base egocentric pose estimation,1
2505.22007,2025,dynamic environment,1
2505.22525,2025,generated images,1
2506.03171,2025,EdgeVidSum: real-time personalized video summarization,1
2506.03171,2025,edge,1
2505.22974,2025,learning,1
2505.22974,2025,coordinate badminton skill,1
2505.22974,2025,legged manipulator,1
2505.24415,2025,automatic exercise evaluation,1
2505.24415,2025,musculoskeletal simulation-base IMU data augmentation,1
2505.24629,2025,goalkeeper policies,1
2505.24629,2025,soccer penalty kicks,1
2505.24876,2025,agent-x,1
2505.24876,2025,deep multimodal reasoning,1
2505.24876,2025,vision-centric agentic tasks,1
2506.00214,2025,diff-SPORT,1
2506.00214,2025,diffusion-base sensor placement optimization,1
2506.00214,2025,reconstruction,1
2506.00214,2025,turbulent,1
2506.00214,2025,urban environment,1
2506.00348,2025,margin,1
2506.00348,2025,victory,1
2506.00348,2025,relative,1
2506.00348,2025,accurate skill rating,1
2506.04251,2025,language-drive coordination,1
2506.04251,2025,learning,1
2506.04251,2025,multi-agent simulation environments,1
2506.03198,2025,FLEX,1
2506.03198,2025,largescale multimodal,1
2506.03198,2025,multiview dataset,1
2506.03198,2025,learning structured representations,1
2506.03198,2025,fitness action quality assessment,1
2506.01373,2025,train yet gain,1
2506.01373,2025,generic multi-object tracking,1
2506.01466,2025,scalable video anomaly retrieval,1
2506.01466,2025,synthetic video-text benchmark,1
2506.01910,2025,GLoSS,1
2506.01910,2025,generative language models,1
2506.01910,2025,semantic search,1
2506.01910,2025,sequential recommendation,1
2506.02283,2025,winner,1
2506.02283,2025,prosodic differences,1
2506.02283,2025,post-match interview,1
2506.02351,2025,DIAMOND,1
2506.02351,2025,LLM-driven agent,1
2506.02351,2025,context-aware baseball highlight summarization,1
2506.03032,2025,TestAgent,1
2506.03032,2025,adaptive and intelligent expert,1
2506.03032,2025,human assessment,1
2506.03057,2025,partially regularized ordinal regression,1
2506.03057,2025,teams' scoring,1
2506.03057,2025,strength,1
2506.03057,2025,schedule and complementary unit performance,1
2506.03057,2025,american football,1
2506.03335,2025,SportMamba,1
2506.03335,2025,adaptive non-linear multi-object tracking,1
2506.03335,2025,state space models,1
2506.03335,2025,team,1
2506.05397,2025,Gen4D,1
2506.05397,2025,humans,1
2506.05397,2025,scenes,1
2506.04365,2025,ice hockey puck localization,1
2506.04365,2025,contextual cues,1
2506.04602,2025,MVP-shapley,1
2506.04602,2025,feature-base modeling,1
2506.04602,2025,valuable player,1
2506.04602,2025,basketball,1
2506.04983,2025,TextVidBench,1
2506.04983,2025,long video scene text understanding,1
2506.04996,2025,PATS,1
2506.04996,2025,proficiency-aware temporal sampling,1
2506.04996,2025,multi-view sports skill assessment,1
2506.05092,2025,synthetic dataset generation,1
2506.05092,2025,autonomous mobile robots,1
2506.05092,2025,3d gaussian splatting,1
2506.05092,2025,vision training,1
2506.05274,2025,play,1
2506.05274,2025,replay,1
2506.05274,2025,temporally fine-grain videos,1
2506.05763,2025,ball,1
2506.05763,2025,3d ball trajectory estimation,1
2506.05763,2025,2d monocular tracking,1
2506.05866,2025,ATP grand slam tennis,1
2506.05866,2025,big datum,1
2506.05866,2025,machine,1
2506.06277,2025,ExAct,1
2506.06277,2025,video-language benchmark,1
2506.06277,2025,expert action analysis,1
2506.06666,2025,gaps,1
2506.06666,2025,tactical line-breaking pass,1
2506.06666,2025,clustering,1
2506.06690,2025,SpikePingpong,1
2506.06690,2025,spike vision-base fast-slow pingpong robot system,1
2506.07270,2025,temporal conflict,1
2506.07270,2025,evaluating,1
2506.07270,2025,organizing evolving knowledge,1
2506.07270,2025,LLM,1
2506.07860,2025,egocentric event-base vision,1
2506.07860,2025,ping pong ball trajectory prediction,1
2506.07981,2025,real-time localization,1
2506.07981,2025,soccer ball,1
2506.07981,2025,single camera,1
2506.13779,2025,game,1
2506.13779,2025,national basketball association,1
2506.08327,2025,tennis ball impact,1
2506.08327,2025,racket,1
2506.08327,2025,real,1
2506.08327,2025,event camera,1
2506.09992,2025,large language models,1
2506.09992,2025,toxic language detection,1
2506.09992,2025,low-resource balkan languages,1
2506.11399,2025,vary home field advantage,1
2506.11399,2025,football,1
2506.11399,2025,non-stationary causal process,1
2506.11786,2025,SSPINNpose,1
2506.11786,2025,self-supervise PINN,1
2506.11786,2025,inertial pose and dynamics estimation,1
2506.11934,2025,temporal dynamics,1
2506.11934,2025,emotions,1
2506.11934,2025,italian online soccer fandom,1
2506.15355,2025,SANSKRITI,1
2506.15355,2025,comprehensive benchmark,1
2506.15355,2025,evaluating language models' knowledge,1
2506.15355,2025,indian culture,1
2506.15937,2025,audio,1
2506.15937,2025,pose,1
2506.15937,2025,video synchronization,1
2507.02884,2025,random time-shift approximation,1
2507.02884,2025,hierarchical bayesian inference,1
2507.02884,2025,host,1
2507.02884,2025,large dataset,1
2506.16696,2025,interpretable low-dimensional modeling,1
2506.16696,2025,spatiotemporal agent states,1
2506.16696,2025,decision making,1
2506.16696,2025,football tactics,1
2506.16821,2025,self-supervise feature extraction,1
2506.16821,2025,enhanced ball detection,1
2506.16821,2025,soccer robots,1
2506.16838,2025,quantifying flow state dynamics,1
2506.16838,2025,prefrontal cortex EEG-based model validation study,1
2506.16838,2025,prefrontal cortex's role,1
2506.16838,2025,flow state experience,1
2506.16838,2025,empirical EEG analysis,1
2506.16840,2025,federated learning,1
2506.16840,2025,fitness tracking,1
2506.17144,2025,large VLM,1
2506.17144,2025,spotting,1
2506.17144,2025,soccer actions,1
2506.17505,2025,golf swing signature,1
2506.17505,2025,single wrist-wear inertial sensor,1
2507.02904,2025,strategy,1
2507.02904,2025,video analytics,1
2507.02904,2025,data mining,1
2507.02904,2025,effectiveness,1
2507.02904,2025,multimodal LLM,1
2507.02904,2025,tennis video analysis,1
2507.02906,2025,strategy,1
2507.02906,2025,video analytics,1
2507.02906,2025,data mining,1
2507.02906,2025,automated video-base analytics framework,1
2507.02906,2025,tennis doubles,1
2506.22503,2025,dribble successful,1
2506.22503,2025,insight,1
2506.22503,2025,3d pose tracking data,1
2506.21784,2025,MobiVerse,1
2506.21784,2025,scaling,1
2506.21784,2025,urban mobility simulation,1
2506.21784,2025,hybrid lightweight domain-specific generator,1
2506.21784,2025,LLM,1
2506.21822,2025,skill,1
2506.21822,2025,nearly indistinguishable,1
2506.21822,2025,noise,1
2506.21822,2025,empirical bayes analysis,1
2506.21822,2025,PGA tour performance,1
2506.22350,2025,personnel-adjustment,1
2506.22350,2025,home run park effect,1
2506.22350,2025,major league baseball,1
2506.22967,2025,ActAlign,1
2506.22967,2025,shot fine-grained video classification,1
2506.22967,2025,language-guided sequence alignment,1
2506.23125,2025,learn motion skills,1
2506.23125,2025,adaptive assistive curriculum force,1
2506.23125,2025,humanoid robots,1
2506.23549,2025,context,1
2506.23549,2025,coordination transformers,1
2506.23843,2025,elastic formation and position identification,1
2506.23843,2025,football,1
2506.23843,2025,soccer,1
2506.23843,2025,template matching,1
2506.23843,2025,linear assignment,1
2507.00261,2025,VirtualFencer,1
2507.00261,2025,generate fencing bouts,1
2507.00261,2025,strategies,1
2507.00261,2025,wild videos,1
2507.00333,2025,scope,1
2507.00333,2025,lessons,1
2507.00333,2025,designing composite visualizations,1
2507.00333,2025,marksmanship training across skill level,1
2507.01238,2025,"swing, fast and slow: interpret variation",1
2507.01238,2025,baseball swing tracking metric,1
2507.01340,2025,physics-inform ground reaction dynamics,1
2507.01340,2025,human motion capture,1
2507.03016,2025,markerless stride length estimation,1
2507.03016,2025,athletic,1
2507.03016,2025,pose estimation,1
2507.03016,2025,monocular vision,1
2507.02827,2025,USAD,1
2507.02827,2025,end,1
2507.02827,2025,diffusion model,1
2507.02827,2025,spatiotemporal attention,1
2507.04430,2025,hi AirStar,1
2507.04430,2025,guide,1
2507.04430,2025,badminton court,1
2507.06122,2025,bayesian circular mix-effect model,1
2507.06122,2025,variability,1
2507.06122,2025,directional movement,1
2507.06122,2025,american football,1
2507.06790,2025,well frame rate,1
2507.06790,2025,well visual,1
2507.06790,2025,early report,1
2507.06790,2025,esports player practice,1
2507.06790,2025,dota,1
2507.07381,2025,multi-focus temporal shifting,1
2507.07381,2025,precise event,1
2507.07381,2025,video,1
2507.07734,2025,EEvAct,1
2507.07734,2025,early event-base action recognition,1
2507.07734,2025,high-rate two-stream spiking neural networks,1
2507.07966,2025,long video,1
2507.08108,2025,mallows model,1
2507.08108,2025,learned distance metric,1
2507.08108,2025,sampling,1
2507.08108,2025,maximum likelihood estimation,1
2507.08268,2025,portable biomechanics laboratory,1
2507.08268,2025,clinically accessible movement analysis,1
2507.08268,2025,handheld smartphone,1
2507.09200,2025,THYME,1
2507.09200,2025,temporal hierarchical-cyclic interactivity modeling,1
2507.09200,2025,video scene graphs,1
2507.09200,2025,aerial footage,1
2507.10626,2025,player-team heterogeneous interaction graph transformer,1
2507.10626,2025,soccer outcome prediction,1
2507.10334,2025,MoCap-impute,1
2507.10334,2025,comprehensive benchmark,1
2507.10334,2025,comparative analysis,1
2507.10334,2025,imputation methods,1
2507.10334,2025,IMU-base motion capture datum,1
2507.10956,2025,GOLFS,1
2507.10956,2025,feature selection,1
2507.10956,2025,global,1
2507.10956,2025,local information,1
2507.10956,2025,high dimensional clustering,1
2507.10969,2025,women sport actions dataset,1
2507.10969,2025,visual classification,1
2507.10969,2025,small scale training data,1
2507.11642,2025,posture-drive action intent inference,1
2507.11642,2025,style,1
2507.11642,2025,fatigue assessment,1
2507.12504,2025,football data,1
2507.12504,2025,object-centric event logs,1
2507.12504,2025,spatial context information,1
2507.12245,2025,calisthenics skills temporal video segmentation,1
2507.12292,2025,efficient calisthenics skills classification,1
2507.12292,2025,foreground instance selection and depth estimation,1
2507.12547,2025,modeling open-world cognition,1
2507.12547,2025,demand synthesis,1
2507.12547,2025,probabilistic models,1
2507.12617,2025,soccer penalty kick direction,1
2507.12617,2025,human action recognition,1
2507.12905,2025,AthleticsPose,1
2507.12905,2025,authentic sports motion dataset,1
2507.12905,2025,athletic field,1
2507.12905,2025,evaluation,1
2507.12905,2025,monocular 3d pose estimation ability,1
2507.14368,2025,DUSTrack,1
2507.14368,2025,ultrasound video,1
2507.14657,2025,AI-enhance precision,1
2507.14657,2025,taekwondo,1
2507.14657,2025,increasing fairness,1
2507.14657,2025,speed,1
2507.14657,2025,trust,1
2507.14657,2025,competition,1
2507.14809,2025,light future,1
2507.14809,2025,multimodal action frame prediction,1
2507.14901,2025,nonlinear causal reductions,1
2507.14901,2025,reinforcement learning policies,1
2507.15320,2025,uncertainty,1
2507.15320,2025,tournament draw,1
2507.15320,2025,insight,1
2507.15320,2025,champions league,1
2507.16542,2025,effect,1
2507.16542,2025,scale consistency,1
2507.16542,2025,real and virtual spaces,1
2507.16542,2025,immersion,1
2507.16542,2025,exhibition hybrid spaces,1
2507.17844,2025,video understanding model,1
2507.17844,2025,action recognition,1
2507.19469,2025,efficient lines detection,1
2507.19469,2025,robot soccer,1
2507.20006,2025,broadcast,1
2507.20006,2025,VR tennis broadcasting,1
2507.20006,2025,embedded visualizations,1
2507.20006,2025,camera techniques,1
2507.20104,2025,detection,1
2507.20104,2025,medial epicondyle avulsion,1
2507.20104,2025,elbow ultrasound images,1
2507.20104,2025,bone structure reconstruction,1
2507.20163,2025,centric,1
2507.20163,2025,LLM,1
2507.20163,2025,based identity-aware basketball video captioning,1
2507.20763,2025,KASportsFormer,1
2507.20763,2025,kinematic anatomy enhanced transformer,1
2507.20763,2025,3d pose estimation,1
2507.20763,2025,short sports scene video,1
2508.09992,2025,OpenFPL,1
2508.09992,2025,open-source forecasting method,1
2508.09992,2025,art,1
2507.21945,2025,attention-drive multimodal alignment,1
2507.21945,2025,long-term action quality assessment,1
2507.22438,2025,sharp,1
2507.22438,2025,blur,1
2507.22438,2025,2d pose estimation,1
2507.22438,2025,extreme motion blur,1
2507.22438,2025,event camera,1
2507.22782,2025,multi-agent collaboration,1
2507.22782,2025,attention-base actor-critic policies,1
2507.23215,2025,silent impact,1
2507.23215,2025,track tennis shot,1
2507.23215,2025,passive arm,1
2508.00200,2025,formula 1 race outcome,1
2508.00200,2025,roles,1
2508.00200,2025,drivers,1
2508.00200,2025,constructors,1
2508.00200,2025,linear modeling,1
2508.02725,2025,NCAA basketball outcomes,1
2508.02725,2025,deep learning,1
2508.02725,2025,comparative study,1
2508.02725,2025,LSTM,1
2508.02725,2025,transformer models,1
2508.00974,2025,ThermoCycleNet,1
2508.00974,2025,stereo-base thermogram labeling,1
2508.00974,2025,model transition,1
2508.00974,2025,cycling,1
2508.01511,2025,canoe paddling quality assessment,1
2508.01511,2025,smart devices,1
2508.01511,2025,preliminary machine learning study,1
2508.01802,2025,SoccerTrack v2,1
2508.01802,2025,pitch panoramic video dataset for game state reconstruction and ball action spotting,1
2508.04008,2025,minute,1
2508.04008,2025,team's offensive production,1
2508.04008,2025,game context,1
2508.05891,2025,discrete-time dynamic model,1
2508.05891,2025,association football prediction,1
2508.07543,2025,commentary generation,1
2508.07543,2025,soccer highlight,1
2508.07554,2025,FineBadminton,1
2508.07554,2025,multi-level dataset,1
2508.07554,2025,fine-grained badminton video understanding,1
2508.14065,2025,personalized contest recommendation,1
2508.14065,2025,fantasy,1
2508.08179,2025,PP-motion,1
2508.08179,2025,physical-perceptual fidelity evaluation,1
2508.08179,2025,human motion generation,1
2508.08242,2025,table,1
2508.08242,2025,experimental study,1
2508.09650,2025,TOTNet: occlusion-aware temporal tracking,1
2508.09650,2025,robust ball detection,1
2508.09650,2025,video,1
2508.09810,2025,feature impact analysis,1
2508.09810,2025,long-jump performances,1
2508.09810,2025,quantile random forest,1
2508.09810,2025,explainable AI technique,1
2508.10281,2025,VIFSS,1
2508.10281,2025,view-invariant and figure skating-specific pose representation learning,1
2508.10281,2025,temporal action segmentation,1
2508.10436,2025,approach-putt models,1
2508.10436,2025,multi-stage speech enhancement,1
2508.10729,2025,multimodal large language models,1
2508.10729,2025,cross-domain egocentric video question answering,1
2508.11569,2025,TrajSV,1
2508.11569,2025,trajectory-base model,1
2508.11569,2025,video representations,1
2508.12473,2025,standardization,1
2508.12473,2025,neuromuscular reflex analysis,1
2508.12473,2025,role,1
2508.12473,2025,fine-tune VLM consortium,1
2508.12473,2025,OpenAI,1
2508.12473,2025,gpt-oss,1
2508.12473,2025,reasoning LLM enable decision support system,1
2508.12695,2025,neural rendering,1
2508.12695,2025,sensor adaptation,1
2508.12695,2025,3d object detection,1
2508.12930,2025,path,1
2508.12930,2025,goal,1
2508.12930,2025,soccer possession,1
2508.12930,2025,path signature,1
2508.13051,2025,VR accessibility reviews,1
2508.13051,2025,users,1
2508.13051,2025,disability,1
2508.13051,2025,qualitative analysis,1
2508.13303,2025,diff-MSM,1
2508.13303,2025,differentiable MusculoSkeletal model,1
2508.13303,2025,simultaneous identification,1
2508.13303,2025,human muscle,1
2508.13303,2025,bone parameters,1
2508.13444,2025,Switch4EAI,1
2508.13444,2025,console game platform,1
2508.13444,2025,benchmarking robotic athletics,1
2508.13507,2025,gap,1
2508.13507,2025,doubles badminton analysis,1
2508.13507,2025,singles-train model,1
2508.15299,2025,BasketLiDAR: the first LiDAR-camera multimodal dataset,1
2508.15299,2025,professional basketball MOT,1
2508.15956,2025,dynamic graph-base forecast,1
2508.15956,2025,bookmakers' odd,1
2508.15956,2025,professional tennis,1
2508.16291,2025,learning long-range action representation,1
2508.16291,2025,stream mamba pyramid network,1
2508.16291,2025,figure skating assessment,1
2508.16942,2025,HieroAction,1
2508.16942,2025,hierarchically guide VLM,1
2508.16942,2025,fine-grained action analysis,1
2508.17157,2025,SPORTSQL,1
2508.17157,2025,interactive system,1
2508.17157,2025,real-time sports reasoning,1
2508.17157,2025,visualization,1
2508.17611,2025,evaluating movement initiation timing,1
2508.17611,2025,ultimate frisbee,1
2508.17611,2025,temporal counterfactuals,1
2508.19295,2025,large VLM-base stylized sports captioning,1
2508.19182,2025,SoccerNet,1
2508.19230,2025,competitive gaming,1
2508.19230,2025,casual players evaluate,1
2508.19230,2025,respond,1
2508.19230,2025,teammate performance,1
2508.19477,2025,concurrent validity,1
2508.19477,2025,computer-vision artificial intelligence player tracking software,1
2508.19477,2025,broadcast footage,1
2508.19542,2025,CVBench,1
2508.19542,2025,benchmarking cross-video synergies,1
2508.19542,2025,complex multimodal reasoning,1
2508.19647,2025,UTAL-GNN,1
2508.19647,2025,unsupervised temporal action localization,1
2508.19647,2025,graph neural network,1
2508.20491,2025,CaddieSet,1
2508.20491,2025,golf swing dataset,1
2508.20491,2025,human joint features,1
2508.20491,2025,ball information,1
2508.21043,2025,HITTER,1
2508.21043,2025,HumanoId table TEnnis robot,1
2508.21043,2025,hierarchical planning,1
2508.21043,2025,learning,1
2509.00849,2025,stereotype,1
2509.00849,2025,evaluating bias,1
2509.00849,2025,image,1
2509.00849,2025,occupations,1
2509.00863,2025,multi-type talented students,1
2509.00863,2025,secondary school,1
2509.00863,2025,semi-supervised machine learning,1
2509.05334,2025,"real-time, vision-base system",1
2509.05334,2025,badminton smash speed estimation,1
2509.05334,2025,mobile devices,1
2509.01243,2025,methodological framework,1
2509.01243,2025,momentum effect,1
2509.01243,2025,tennis,1
2509.01439,2025,SoccerHigh,1
2509.01439,2025,benchmark dataset,1
2509.01439,2025,automatic soccer video summarization,1
2509.03682,2025,comprehensive review,1
2509.03682,2025,multi-agent reinforcement learning,1
2509.03682,2025,video games,1
2509.04731,2025,generative world models,1
2509.04731,2025,tasks,1
2509.04731,2025,LLM-driven hierarchical scaffolding,1
2509.04731,2025,embodied agents,1
2509.05913,2025,fine-grain attention and geometric correspondence model,1
2509.05913,2025,musculoskeletal risk classification,1
2509.05913,2025,athlete,1
2509.05913,2025,multimodal visual and skeletal feature,1
2509.05961,2025,longitudinal evaluation,1
2509.05961,2025,heart rate efficiency,1
2509.05961,2025,amateur runners,1
2509.08128,2025,signal,1
2509.08128,2025,noise,1
2509.08128,2025,unexpected engagement patterns,1
2509.08128,2025,twitter,1
2509.08495,2025,CLAP,1
2509.08495,2025,localize across n possibilities,1
2509.08495,2025,presence,1
2509.08495,2025,symmetries,1
2509.09314,2025,implicit spatial coordination,1
2509.09314,2025,teams,1
2509.09314,2025,effect,1
2509.09314,2025,collective intelligence,1
2509.09569,2025,football fever,1
2509.09569,2025,wearable technology,1
2509.09569,2025,case study,1
2509.09569,2025,german cup,1
2509.22670,2025,modeling tennis in-match momentum,1
2509.22670,2025,probability method,1
2509.10600,2025,starting line,1
2509.10600,2025,opportunity,1
2509.10600,2025,improvement,1
2509.10600,2025,cross country,1
2509.10729,2025,LLM,1
2509.10729,2025,late multimodal sensor fusion,1
2509.10729,2025,recognition,1
2509.11362,2025,multimodal datasets,1
2509.11362,2025,LLM-inferred behavior traits,1
2509.11698,2025,elements,1
2509.11698,2025,reference-base coaching instruction generation model,1
2509.11796,2025,FineQuest,1
2509.11796,2025,adaptive knowledge-assisted sports video understanding,1
2509.11796,2025,agent,1
2509.11796,2025,thought,1
2509.11796,2025,reasoning,1
2509.12203,2025,LazyDrag,1
2509.12203,2025,enabling stable drag-base editing,1
2509.12203,2025,multi-modal diffusion transformers,1
2509.12203,2025,explicit correspondence,1
2509.12592,2025,match chat,1
2509.12592,2025,real time generative AI,1
2509.12592,2025,generative computing,1
2509.12592,2025,tennis,1
2509.13141,2025,offensive play,1
2509.13141,2025,incomplete round-robin tournament,1
2509.13605,2025,generalization,1
2509.13605,2025,CLAP,1
2509.13605,2025,3d localization,1
2509.13605,2025,image processing,1
2509.13605,2025,connection,1
2509.13605,2025,RANSAC,1
2509.13605,2025,hough,1
2509.14210,2025,GLIDE,1
2509.14210,2025,coordinated aerial-ground framework,1
2509.14210,2025,search,1
2509.14210,2025,rescue,1
2509.14210,2025,unknown environment,1
2509.14477,2025,ticket-bench,1
2509.14477,2025,kickoff,1
2509.14477,2025,multilingual and regionalized agent evaluation,1
2509.15602,2025,multimodal large language models understand tennis rallies,1
2509.16095,2025,AdaSports-traj,1
2509.16095,2025,role- and domain-aware adaptation,1
2509.16095,2025,multi-agent trajectory modeling,1
2509.18387,2025,BlurBall,1
2509.18387,2025,joint ball,1
2509.18387,2025,motion blur estimation,1
2509.18387,2025,table tennis ball tracking,1
2509.18451,2025,kalman filter,1
2509.18451,2025,fast-move tiny object,1
2509.18662,2025,FlexGuard,1
2509.18662,2025,design space,1
2509.18662,2025,body feedback,1
2509.18662,2025,strength training,1
2509.19659,2025,bias,1
2509.19659,2025,picture,1
2509.19659,2025,benchmarke VLM,1
2509.19659,2025,social-cue news images,1
2509.19659,2025,LLM,1
2509.19659,2025,judge,1
2509.19659,2025,assessment,1
2510.01247,2025,culture,1
2510.01247,2025,large multilingual,1
2510.01247,2025,multicultural benchmark,1
2510.01247,2025,assessing language models' understanding,1
2509.20083,2025,player evaluation,1
2509.20083,2025,expectation,1
2509.20168,2025,gender bias,1
2509.20168,2025,multilingual LLM,1
2509.20168,2025,stereotypes,1
2509.20168,2025,persian,1
2509.20322,2025,VisualMimic,1
2509.20322,2025,visual humanoid loco-manipulation,1
2509.20322,2025,motion tracking,1
2509.20322,2025,generation,1
2509.20715,2025,individual,1
2509.20715,2025,SHOT dataset,1
2509.21595,2025,temporal,1
2509.21595,2025,spatial,1
2509.21595,2025,DINOv3 and v-JEPA2 feature representations,1
2509.21595,2025,video action analysis,1
2509.21673,2025,SlotFM,1
2509.21673,2025,motion foundation model,1
2509.21673,2025,slot attention,1
2509.21673,2025,diverse downstream tasks,1
2509.21690,2025,PACE,1
2509.21690,2025,physics augmentation,1
2509.21690,2025,end,1
2509.21690,2025,versatile humanoid table tennis,1
2510.01264,2025,HARL,1
2510.01264,2025,extensible benchmark framework,1
2510.01264,2025,heterogeneous multi-agent adversarial reinforcement learning,1
2510.01264,2025,IsaacLab,1
2509.21943,2025,outlier detection,1
2509.21943,2025,plantar pressure,1
2509.21943,2025,human-center comparison,1
2509.21943,2025,statistical parametric mapping and explainable machine learning,1
2509.22111,2025,modeling psychological profiles,1
2509.22111,2025,volleyball,1
2509.22111,2025,mixed-type bayesian network,1
2509.22442,2025,ball,1
2509.22442,2025,long-horizon basketball move,1
2509.22522,2025,JointDiff,1
2509.22522,2025,bridge continuous,1
2509.22522,2025,discrete,1
2509.22522,2025,multi-agent trajectory generation,1
2509.23125,2025,impact,1
2509.23125,2025,environmental factors,1
2509.23125,2025,LoRa 2.4 GHz,1
2509.23125,2025,flight,1
2511.03732,2025,conversational collective intelligence,1
2511.03732,2025,CCI,1
2511.03732,2025,hyperchat AI,1
2511.03732,2025,real-world forecasting task,1
2509.23455,2025,3DPCNet,1
2509.23455,2025,pose canonicalization,1
2509.23455,2025,robust viewpoint-invariant 3d kinematic analysis,1
2509.23455,2025,monocular RGB camera,1
2509.24250,2025,interactive program synthesis,1
2509.24250,2025,modeling collaborative physical activities,1
2509.24250,2025,narrated demonstration,1
2509.24606,2025,biomechanical-phase base temporal segmentation,1
2509.24606,2025,video,1
2509.24606,2025,demonstration,1
2509.24606,2025,javelin-throw,1
2509.24640,2025,human curated benchmark,1
2509.24640,2025,visual reasoning,1
2509.24640,2025,VLM,1
2509.25542,2025,online mapping,1
2509.25542,2025,autonomous driving,1
2509.25542,2025,address sensor generalization,1
2509.25542,2025,dynamic map updates,1
2509.25542,2025,campus environments,1
2509.25858,2025,age decline,1
2509.25858,2025,basketball career trend prediction,1
2509.25858,2025,machine learning,1
2509.25858,2025,LSTM model,1
2509.26088,2025,penalty kick direction,1
2509.26088,2025,multi-modal deep learning,1
2509.26088,2025,pose-guided attention,1
2509.26593,2025,LLM,1
2509.26593,2025,interactive sports coach,1
2509.26593,2025,lesson,1
2509.26593,2025,single-subject half marathon preparation,1
2510.00274,2025,MAGIC-MASK,1
2510.00274,2025,multi-agent guided inter-agent collaboration,1
2510.00274,2025,mask-based explainability,1
2510.00274,2025,reinforcement learning,1
2510.00480,2025,expandable decision-make states,1
2510.00480,2025,multi-agent deep reinforcement learning,1
2510.00480,2025,soccer tactical analysis,1
2510.01810,2025,z-score-base method,1
2510.01810,2025,biological monitoring,1
2510.01810,2025,extended analysis,1
2510.01810,2025,professional soccer player,1
2510.01810,2025,cyclist,1
2510.01843,2025,video game,1
2510.01843,2025,spatial-temporal optimization,1
2510.01843,2025,foot trajectories,1
2510.01843,2025,controlled football kicking,1
2510.01843,2025,bipedal robot,1
2510.02129,2025,reliability,1
2510.02129,2025,stand-up motions,1
2510.02129,2025,error compensation,1
2510.02129,2025,position control,1
2510.02264,2025,kinematic assessment,1
2510.02264,2025,monocular video,1
2510.02264,2025,preclinical benchmark,1
2510.02264,2025,art,1
2510.02264,2025,inertial sensors,1
2510.02264,2025,daily living activities,1
2510.03064,2025,comparative analysis,1
2510.03064,2025,parameterized action actor-critic reinforcement learning algorithms,1
2510.03064,2025,web search match plan generation,1
2510.03232,2025,LEAML,1
2510.03232,2025,label-efficient adaptation,1
2510.03232,2025,distribution,1
2510.03232,2025,multimodal LLM,1
2510.03808,2025,annotate rhetorical relations,1
2510.03808,2025,comparison,1
2510.03808,2025,automatic approaches,1
2510.03921,2025,tennis,1
2510.03921,2025,3d biomechanical action recognition,1
2510.04739,2025,ExposureEngine,1
2510.04739,2025,orient logo detection,1
2510.04739,2025,sponsor visibility analytics,1
2510.04739,2025,broadcast,1
2510.06842,2025,continual action quality assessment,1
2510.06842,2025,adaptive manifold-align graph regularization,1
2510.07297,2025,agentic generative AI,1
2510.07297,2025,medium content discovery,1
2510.07297,2025,national football league,1
2510.08754,2025,body model predictive control,1
2510.08754,2025,spin-aware quadrupedal table tennis,1
2510.09187,2025,modern deep learning approaches,1
2510.09187,2025,cricket shot classification,1
2510.09187,2025,comprehensive baseline study,1
2510.10496,2025,personalized motion guidance framework,1
2510.10496,2025,athlete-centric coaching,1
2510.15983,2025,ontology,1
2510.15983,2025,motion,1
2510.15983,2025,BFO-base approach,1
2510.15983,2025,knowledge graph construction,1
2510.15983,2025,motor performance research data,1
2510.15983,2025,science,1
2510.11552,2025,robot soccer kit,1
2510.11552,2025,omniwheel tracked soccer robots,1
2510.11552,2025,education,1
2510.12749,2025,SPORTS,1
2510.12749,2025,simultaneous panoptic odometry,1
2510.12749,2025,rendering,1
2510.12749,2025,tracking,1
2510.12749,2025,segmentation,1
2510.12749,2025,urban scenes understanding,1
2510.14617,2025,Shot2Tactic-caption,1
2510.14617,2025,multi-scale captioning,1
2510.14617,2025,badminton videos,1
2510.14617,2025,tactical understanding,1
2510.14723,2025,bayesian ranking,1
2510.14723,2025,olympic medal table,1
2510.15487,2025,BERTopic,1
2510.15487,2025,past,1
2510.15487,2025,future,1
2510.17641,2025,penalty shootout,1
2510.17641,2025,coin toss,1
2510.17641,2025,evidence,1
2510.17641,2025,international club football,1
2510.17641,2025,europe,1
2510.17722,2025,MT-video-bench,1
2510.17722,2025,holistic video understanding benchmark,1
2510.17722,2025,evaluating,1
2510.17722,2025,multimodal LLM,1
2510.17722,2025,multi-turn dialogue,1
2510.18173,2025,LLM,1
2510.18173,2025,tabular summarization,1
2510.18173,2025,narratives,1
2510.18193,2025,explainable AI ecosystem,1
2510.18193,2025,fair,1
2510.18193,2025,inclusive decision-making,1
2510.18193,2025,olympic and paralympic taekwondo,1
2510.19150,2025,team-level tactical situational awareness,1
2510.19150,2025,cross-egocentric contrastive video representation learning,1
2510.19457,2025,MINED,1
2510.19457,2025,multimodal time-sensitive knowledge,1
2510.19457,2025,large multimodal model,1
2510.19671,2025,explainable e-sport win prediction,1
2510.19671,2025,machine learning classification,1
2510.19671,2025,streaming,1
2510.20287,2025,breakdance video classification,1
2510.20287,2025,age,1
2510.20287,2025,generative AI,1
2510.20454,2025,intransitive dominance,1
2510.20454,2025,tennis forecasting,1
2510.20454,2025,graph neural network approach,1
2510.21034,2025,input matter,1
2510.21034,2025,evaluate input structure's impact,1
2510.21034,2025,LLM summaries,1
2510.21360,2025,diagnostic benchmark,1
2510.21360,2025,sweden-relate factual knowledge,1
2510.22491,2025,LAMP,1
2510.22491,2025,data-efficient linear affine weight-space models,1
2510.22491,2025,parameter-control 3d shape generation,1
2510.22491,2025,extrapolation,1
2510.22535,2025,OFFSIDE,1
2510.22535,2025,benchmarke unlearning misinformation,1
2510.22535,2025,multimodal LLM,1
2510.23216,2025,human-like goalkeeping,1
2510.23216,2025,realistic football simulation,1
2510.23216,2025,sample-efficient reinforcement learning approach,1
2510.25961,2025,tractable algorithms,1
2510.25961,2025,changepoint detection,1
2510.25961,2025,player performance metrics,1
2510.26389,2025,adaptive context length optimization,1
2510.26389,2025,low-frequency truncation,1
2510.26389,2025,multi-agent reinforcement learning,1
2510.27003,2025,online sports fan communities,1
2510.27003,2025,offensive,1
2510.27003,2025,quantitative review,1
2510.27003,2025,topics,1
2510.27003,2025,trends,1
2510.27003,2025,toxicity,1
2510.27003,2025,r/PremierLeague,1
2511.00121,2025,line break prediction model,1
2511.00121,2025,defensive breakthrough,1
2511.00121,2025,football,1
2511.00162,2025,ARC-GEN,1
2511.00162,2025,mimetic procedural benchmark generator,1
2511.00162,2025,abstraction,1
2511.00162,2025,reasoning corpus,1
2511.00261,2025,spot,1
2511.00261,2025,ball,1
2511.00261,2025,visual social inference,1
2511.00553,2025,scoring,1
2511.00553,2025,interrater reliability,1
2511.00553,2025,national bias,1
2511.00553,2025,olympic breaking,1
2511.00584,2025,structurally refined graph transformer,1
2511.00584,2025,multimodal recommendation,1
2511.01340,2025,large and diverse multimodal benchmark,1
2511.01340,2025,ability,1
2511.01340,2025,vision-language models,1
2511.01340,2025,rebus puzzles,1
2511.02815,2025,win strength,1
2511.02815,2025,MLB win prediction model,1
2511.03051,2025,-human,1
2511.03051,2025,loop,1
2511.03051,2025,agentic evaluation,1
2511.03051,2025,scale,1
2511.03051,2025,recommendation,1
2511.03880,2025,machine translation datasets,1
2511.03880,2025,low-web data languages,1
2511.03996,2025,vision-driven reactive soccer skills,1
2511.03996,2025,humanoid robots,1
2511.04126,2025,automated tennis player and ball tracking,1
2511.04126,2025,court keypoints detection,1
2511.04126,2025,hawk eye system,1
2511.04491,2025,RUST-BENCH,1
2511.04491,2025,benchmarke LLM reasoning,1
2511.04491,2025,unstructured text,1
2511.04491,2025,structured table,1
2511.06191,2025,prediction-base evaluation,1
2511.06191,2025,defense,1
2511.06191,2025,spatial control,1
2511.06191,2025,soccer,1
2511.06499,2025,multimodal LLM reasoning,1
2511.11644,2025,slow - motion video synthesis,1
2511.11644,2025,basketball,1
2511.11644,2025,frame interpolation,1
2511.07250,2025,MVU-eval,1
2511.07250,2025,multi-video understanding evaluation,1
2511.07250,2025,multimodal LLM,1
2511.08854,2025,decomposition,1
2511.08854,2025,small transformer models,1
2511.09448,2025,MCAD,1
2511.09448,2025,multimodal context-aware audio description generation,1
2511.09448,2025,soccer,1
2511.09455,2025,hand held multi-object tracking dataset,1
2511.09455,2025,american football,1
2511.09457,2025,trade,1
2511.09457,2025,model flexibility,1
2511.09457,2025,expected threat model,1
2511.09457,2025,football,1
2511.09502,2025,DreamPose3D,1
2511.09502,2025,hallucinative diffusion,1
2511.09502,2025,prompt learning,1
2511.09502,2025,3d pose estimation,1
2511.10250,2025,FineSkiing,1
2511.10250,2025,fine-grain benchmark,1
2511.10250,2025,skiing action quality assessment,1
2511.11218,2025,humanoid whole-body badminton,1
2511.11218,2025,annealed reinforcement learning curriculum,1
2511.12606,2025,pixels,1
2511.12606,2025,positions,1
2511.12606,2025,benchmarke modalities,1
2511.12606,2025,group activity recognition,1
2511.12908,2025,DeepSport,1
2511.12908,2025,multimodal LLM,1
2511.12908,2025,comprehensive sports video reasoning,1
2511.12908,2025,agentic reinforcement learning,1
2511.13326,2025,generative tactic discovery,1
2511.13326,2025,football open play,1
2511.13993,2025,skill-attributes,1
2511.13993,2025,transferable assessment,1
2511.13993,2025,video,1
2511.14035,2025,dabo,1
2511.14035,2025,machine learning model,1
2511.14035,2025,power 4 college football coaching,1
2511.14035,2025,success,1
2511.14057,2025,machine learning-base multimodal framework,1
2511.14057,2025,wearable sensor-base archery action recognition,1
2511.14057,2025,stress estimation,1
2511.14186,2025,shot precise event,1
2511.14186,2025,unified multi-entity graph,1
2511.14186,2025,distillation,1
2511.17610,2025,pre-injury patterns,1
2511.17610,2025,triathletes,1
2511.17610,2025,lifestyle,1
2511.17610,2025,recovery,1
2511.17610,2025,load dynamics,1
2511.14297,2025,model-base clustering,1
2511.14297,2025,football event sequences,1
2511.14297,2025,marked spatio-temporal point process mixture approach,1
2511.14945,2025,unsupervised discovery,1
2511.14945,2025,long-term spatiotemporal periodic workflows,1
2511.14945,2025,human activities,1
2511.15565,2025,human pose forecasting,1
2511.16183,2025,FOOTPASS,1
2511.16183,2025,multi-modal multi-agent tactical context dataset,1
2511.16183,2025,play-by-play action spotting,1
2511.16183,2025,soccer broadcast videos,1
2511.16524,2025,multi-modal benchmark,1
2511.16524,2025,boxing action recognition,1
2511.16524,2025,localization,1
2511.17045,2025,RacketVision,1
2511.17045,2025,multiple racket sports benchmark,1
2511.17045,2025,unified ball,1
2511.17045,2025,racket analysis,1
2511.18248,2025,coherent multi-agent trajectory forecasting,1
2511.18248,2025,team,1
2511.18248,2025,CausalTraj,1
2511.18618,2025,unified BERT-CNN-BiLSTM framework,1
2511.18618,2025,simultaneous headline classification,1
2511.18618,2025,sentiment analysis,1
2511.18618,2025,bangla news,1
2511.18730,2025,large-scale in-game outcome forecasting,1
2511.18730,2025,match,1
2511.18730,2025,team,1
2511.18730,2025,players,1
2511.18730,2025,football,1
2511.18730,2025,axial transformer neural network,1
2511.19629,2025,SkillSight,1
2511.19629,2025,efficient first-person skill assessment,1
2511.19629,2025,gaze,1
2511.19642,2025,win-expectancy framework,1
2511.19642,2025,contextualizing runs,1
2511.19642,2025,ARBI,1
2511.19642,2025,CRBI,1
2511.19885,2025,diverse style policies,1
2511.19885,2025,football games,1
2511.20250,2025,uplifting table tennis,1
2511.20250,2025,"robust, real-world application",1
2511.20250,2025,3d trajectory,1
2511.20250,2025,spin estimation,1
2511.21157,2025,QuadStretcher,1
2511.21157,2025,forearm-wear skin stretch display,1
2511.21157,2025,bare-hand interaction,1
2511.21157,2025,AR/VR,1
2511.21653,2025,CaFlow,1
2511.21653,2025,long-term action quality assessment,1
2511.21653,2025,causal counterfactual flow,1
2511.22847,2025,threat-aware UAV dodging,1
2511.22847,2025,human-throw projectiles,1
2511.22847,2025,RGB-d camera,1
2511.23072,2025,shot,1
2511.23072,2025,hierarchical bayesian framework,1
2511.23072,2025,counterfactual expected goals,1
2512.00203,2025,expected goal,1
2512.00203,2025,shot occurrences,1
2512.00203,2025,soccer,1
2512.00312,2025,goal,1
2512.00312,2025,touch,1
2512.00312,2025,expected points framework,1
2512.00312,2025,penalty decisions,1
2512.00312,2025,rugby union,1
2512.01478,2025,CourtMotion,1
2512.01478,2025,learn event-drive motion representations,1
2512.01478,2025,skeletal data,1
2512.01478,2025,basketball,1
2512.01853,2025,COACH,1
2512.01853,2025,collaborative agents,1
2512.01853,2025,contextual highlighting,1
2512.01853,2025,multi-agent framework,1
2512.01853,2025,video analysis,1
2512.02017,2025,visual sync,1
2512.02017,2025,multi-camera synchronization,1
2512.02017,2025,cross-view object motion,1
2512.02210,2025,probabilistic analysis,1
2512.02210,2025,squash shot,1
2512.02210,2025,skill study,1
2512.02210,2025,levels,1
2512.02210,2025,squash players,1
2512.02210,2025,teams,1
2512.02651,2025,real-time multimodal data collection,1
2512.02651,2025,smartwatches,1
2512.02651,2025,visualization,1
2512.02651,2025,education,1
2512.02789,2025,fast object,1
2512.03166,2025,multi-agent reinforcement learning,1
2512.03166,2025,real-time decision-making,1
2512.03166,2025,robotic soccer,1
2512.03166,2025,virtual environments,1
2512.03337,2025,epistemic substitution,1
2512.03337,2025,grokipedia's AI-generate encyclopedia restructure authority,1
2512.04480,2025,prescriptive artificial intelligence,1
2512.04480,2025,formal paradigm,1
2512.04480,2025,auditing human decisions,1
2512.04480,2025,uncertainty,1
2512.05103,2025,TV2TV,1
2512.05103,2025,unified framework,1
2512.05103,2025,interleaved language and video generation,1
2512.05212,2025,computability,1
2512.05212,2025,artificial general intelligence,1
2512.05277,2025,segments,1
2512.05277,2025,scene,1
2512.05277,2025,agentic autonomous driving,1
2512.05277,2025,VLM,1
2512.06434,2025,automated deep learning estimation,1
2512.06434,2025,anthropometric measurements,1
2512.06434,2025,preparticipation cardiovascular screening,1
2512.06571,2025,agile striker skills,1
2512.06571,2025,humanoid soccer robots,1
2512.06571,2025,noisy sensory input,1
2512.06783,2025,physics informed human posture estimation,1
2512.06783,2025,3d landmarks,1
2512.06783,2025,monocular RGB-videos,1
2512.08139,2025,robust agents,1
2512.08139,2025,open-ended worlds,1
2512.08467,2025,team-aware football player tracking,1
2512.08467,2025,SAM,1
2512.08467,2025,occlusion recovery,1
2512.08500,2025,control,1
2512.08500,2025,physically-simulate 3d characters,1
2512.08500,2025,mimicking,1
2512.08591,2025,long-sequence LSTM modeling,1
2512.08591,2025,NBA game outcome prediction,1
2512.08591,2025,multi-season dataset,1
2512.08824,2025,foul shot,1
2512.08824,2025,free throw metric,1
2512.09431,2025,"hierarchical, model-base system",1
2512.09431,2025,high-performance humanoid soccer,1
2512.10355,2025,better prevent,1
2512.10355,2025,tackle,1
2512.10355,2025,valuing defense,1
2512.10355,2025,soccer,1
2512.10355,2025,graph neural networks,1
2512.11016,2025,SoccerMaster,1
2512.11016,2025,vision foundation model,1
2512.11016,2025,soccer understanding,1
2512.10918,2025,CompanionCast,1
2512.10918,2025,social collaboration,1
2512.10918,2025,multi-agent systems,1
2512.10918,2025,shared experiences,1
2512.12378,2025,M4Human,1
2512.12378,2025,large-scale multimodal mmwave,1
2512.12378,2025,radar benchmark,1
2512.12378,2025,human mesh reconstruction,1
2512.12437,2025,reinforcement learning,1
2512.12437,2025,soccer skill,1
2512.12474,2025,AI-drive real-time kick classification,1
2512.12474,2025,olympic taekwondo,1
2512.12474,2025,sensor fusion,1
2512.14121,2025,SportsGPT,1
2512.14121,2025,LLM-drive framework,1
2512.14121,2025,interpretable sports motion assessment,1
2512.14121,2025,training guidance,1
2512.15269,2025,model inference,1
2512.15269,2025,pairwise comparison,1
2512.15386,2025,basketball,1
2512.19740,2025,asia cup,1
2512.19740,2025,structured t20 match-level dataset,1
2512.19740,2025,exploratory analysis,1
2512.19740,2025,cricket analytics,1
2512.16199,2025,Avatar4D,1
2512.16199,2025,domain-specific 4d humans,1
2512.16199,2025,real-world pose estimation,1
2512.17266,2025,EventGPT,1
2512.17266,2025,capturing player impact,1
2512.17266,2025,team action sequences,1
2512.17266,2025,GPT-base framework,1
2601.06053,2025,business administration,1
2601.06053,2025,age technology,1
2601.06053,2025,role,1
2512.17446,2025,VAIR,1
2512.17446,2025,visual analytics,1
2512.17446,2025,injury risk exploration,1
2512.22186,2025,learning tennis strategy,1
2512.22186,2025,curriculum-base dueling double deep q-networks,1
2512.18320,2025,deterministic reconstruction,1
2512.18320,2025,tennis serve mechanics,1
2512.18320,2025,aerodynamic constraints,1
2512.18320,2025,internal torques,1
2512.18320,2025,rigid-body dynamic,1
2512.18467,2025,skill predominance,1
2512.18467,2025,generalized fantasy cricket,1
2512.19327,2025,extended OpenTT games dataset,1
2512.19327,2025,table tennis dataset,1
2512.19327,2025,fine-grain shot type,1
2512.19327,2025,point,1
2512.19327,2025,outcome,1
2512.19528,2025,multi-modal soccer scene analysis,1
2512.19528,2025,masked pre,1
2512.19528,2025,training,1
2512.19551,2025,closed-loop embodied empathy evolution,1
2512.19551,2025,probe LLM-centric lifelong empathic motion generation,1
2512.19551,2025,unseen scenario,1
2512.20951,2025,human bias,1
2512.20951,2025,robot choice,1
2512.20951,2025,occupational contexts,1
2512.22275,2025,illusion,1
2512.22275,2025,clinical reasoning,1
2512.22275,2025,pervasive gap,1
2512.22275,2025,vision-language models,1
2512.22275,2025,clinical competency,1
2512.21877,2025,CricBench,1
2512.21877,2025,multilingual benchmark,1
2512.21877,2025,LLM,1
2512.21877,2025,cricket analytics,1
2601.00216,2026,evidence-base medicine,1
2601.00216,2026,knowledge graph,1
2601.00216,2026,retrieval-augmented generation,1
2601.00216,2026,rehabilitation,1
2601.00216,2026,domain benchmark,1
2601.00421,2026,semantic methods enhance team sports tactics,1
2601.00421,2026,methodology,1
2601.00421,2026,football,1
2601.00421,2026,broader applications,1
2601.00604,2026,cycling race time prediction,1
2601.00604,2026,personalized machine learning approach use route topology and training load,1
2601.00748,2026,machine learning framework,1
2601.00748,2026,ball defensive role and performance evaluation,1
2601.00748,2026,football,1
2601.00998,2026,DVGBench,1
2601.00998,2026,explicit visual,1
2601.00998,2026,UAV imagery,1
2601.00998,2026,large VLM,1
2601.02011,2026,cyclist cardiac conundrum,1
2601.03099,2026,aware synthetic control,1
2601.04369,2026,generalization,1
2601.04369,2026,political beliefs,1
2601.04369,2026,fine-tuning,1
2601.04369,2026,team preferences,1
2601.04948,2026,SKATER: synthesized kinematics,1
2601.04948,2026,advanced traversing efficiency,1
2601.04948,2026,humanoid robot,1
2601.04948,2026,roller skate swizzles,1
2601.06647,2026,eSkiTB,1
2601.06647,2026,synthetic event-base dataset,1
2601.06647,2026,tracking skier,1
2601.07154,2026,motion focus recognition,1
2601.07154,2026,fast-move egocentric video,1
2601.07980,2026,modeling event dynamics,1
2601.07980,2026,self-exciting processes,1
2601.07980,2026,random memory,1
2601.08713,2026,real-time localization framework,1
2601.08713,2026,autonomous basketball robots,1
2601.09673,2026,probabilistic match classification model,1
2601.09673,2026,low-score,1
2601.09698,2026,COMPOSE,1
2601.09698,2026,hypergraph cover optimization,1
2601.09698,2026,multi-view 3d pose estimation,1
2601.14037,2026,human detector,1
2601.14037,2026,surprisingly powerful reward model,1
2601.10862,2026,unidimensionality,1
2601.10862,2026,residual heterogeneity,1
2601.10862,2026,performance evaluation,1
2601.11492,2026,BoxMind: closed-loop AI strategy optimization,1
2601.11492,2026,elite,1
2601.11492,2026,olympics,1
2601.11825,2026,AI co,1
2601.11825,2026,knowledge synthesis,1
2601.11825,2026,medical contexts,1
2601.11825,2026,proof,1
2601.11825,2026,concept,1
2601.12132,2026,bengali text classification,1
2601.12132,2026,evaluation,1
2601.12132,2026,LLM approach,1
2601.14333,2026,hierarchical contextual uplift bandits,1
2601.14333,2026,catalog personalization,1
2601.15000,2026,lineup regularized adjusted plus-minus,1
2601.15000,2026,l-RAPM,1
2601.15000,2026,basketball lineup ratings,1
2601.15000,2026,informed priors,1
2601.15608,2026,strategy,1
2601.15608,2026,pickoff limit,1
2601.15608,2026,baseball,1
2601.15608,2026,sum sequential game,1
2601.15608,2026,multilevel model,1
2601.15995,2026,PUMA,1
2601.15995,2026,perception-drive unified foothold prior,1
2601.15995,2026,mobility augmented quadruped parkour,1
2601.17069,2026,multi-agent deep reinforcement learning,1
2601.17069,2026,constrained communications,1
2601.16333,2026,multimodal goal post,1
2601.16333,2026,ability,1
2601.16333,2026,foundation models,1
2601.16333,2026,contextually important moments,1
2601.18774,2026,blown lead paradox,1
2601.18774,2026,pathwise calibration benchmark,1
2601.18774,2026,win probability forecast,1
2603.06585,2026,right,1
2603.06585,2026,multi-sport space evaluation platform,1
2603.06585,2026,ultimate frisbee,1
2603.06585,2026,basketball,1
2603.06585,2026,soccer,1
2601.19479,2026,injury,1
2601.19479,2026,elite female football,1
2602.00133,2026,PredictionMarketBench: a SWE-bench-style framework,1
2602.00133,2026,trading agents,1
2602.00133,2026,prediction market,1
2601.20661,2026,ProSkill,1
2601.20661,2026,segment-level skill assessment,1
2601.20661,2026,procedural videos,1
2601.21981,2026,VERSA,1
2601.21981,2026,verified event data format,1
2601.21981,2026,reliable soccer analytics,1
2601.22491,2026,SSL,1
2601.22491,2026,sweet spot learning,1
2601.22491,2026,differentiated guidance,1
2601.22491,2026,agentic optimization,1
2602.00401,2026,ZEST,1
2602.00401,2026,shot embodied skill transfer,1
2602.00401,2026,athletic robot control,1
2602.00484,2026,GTATrack,1
2602.00484,2026,winner solution,1
2602.00484,2026,SoccerTrack,1
2602.00484,2026,deep-EIoU,1
2602.00484,2026,global tracklet association,1
2602.00676,2026,large-scale imperfect information game benchmark,1
2602.02473,2026,agile,1
2602.02473,2026,generalizable humanoid interaction skills,1
2602.02473,2026,human videos,1
2602.07030,2026,neural sabermetrics,1
2602.07030,2026,world model,1
2602.07030,2026,predictive modeling,1
2602.07030,2026,LLM,1
2602.02979,2026,CPMobius,1
2602.02979,2026,iterative coach-player reasoning,1
2602.02979,2026,data-free reinforcement learning,1
2602.03157,2026,loop,1
2602.03157,2026,group activity feature learning,1
2602.03157,2026,team sports video retrieval,1
2602.03310,2026,RDT2,1
2602.03310,2026,scaling limit,1
2602.03310,2026,UMI data,1
2602.03310,2026,zero-shot cross-embodiment generalization,1
2602.05310,2026,soccer skills,1
2602.05310,2026,humanoid robots,1
2602.05310,2026,progressive perception-action framework,1
2602.05544,2026,reasoning-guide collaborative filtering,1
2602.05544,2026,language models,1
2602.05544,2026,explainable recommendation,1
2602.05888,2026,metric hedonic games,1
2602.05888,2026,line,1
2602.07208,2026,sequence,1
2602.07208,2026,nodes,1
2602.07208,2026,contrastive multimodal graph recommendation,1
2602.07860,2026,3d shape,1
2602.07860,2026,ultra-fast motion-blurred images,1
2602.08057,2026,strong,1
2602.08057,2026,weakly supervised training strategy,1
2602.08057,2026,multimodal video-base hidden emotion understanding tasks,1
2602.08083,2026,unified server quality metric,1
2602.08083,2026,tennis,1
2602.08370,2026,human-like badminton skills,1
2602.08370,2026,humanoid robots,1
2602.08996,2026,feedback generation,1
2602.08996,2026,watching competitions,1
2602.08996,2026,reading book,1
2602.10784,2026,unsupervised and supervised learning,1
2602.10784,2026,prediction,1
2602.10784,2026,defensive schemes,1
2602.10784,2026,american football,1
2602.11492,2026,data-drive modelling,1
2602.11492,2026,low-dimensional dynamical structure,1
2602.11492,2026,underlie complex full-body human movement,1
2602.12080,2026,ball-free soccer event detection,1
2602.12080,2026,possession path inference,1
2602.12080,2026,player trajectories,1
2602.13656,2026,kung fu athlete bot,1
2602.13656,2026,highly dynamic,1
2602.13656,2026,balance-challenging motion dataset,1
2602.13656,2026,autonomous fall-resilient tracking,1
2602.15181,2026,archival camera virtualization,1
2602.15181,2026,visual performances,1
2602.18504,2026,computer vision framework,1
2602.18504,2026,multi-class detection,1
2602.18504,2026,tracking,1
2602.18504,2026,soccer broadcast footage,1
2602.16830,2026,impact,1
2602.16830,2026,formations,1
2602.16830,2026,football matches,1
2602.16830,2026,double machine learning,1
2602.16830,2026,bus,1
2602.17043,2026,limit,1
2602.17043,2026,human athletic performance,1
2602.17043,2026,bayesian analysis,1
2602.17043,2026,elite decathlete,1
2602.18519,2026,wide open gazes,1
2602.18519,2026,quantifying visual exploratory behavior,1
2602.18519,2026,soccer,1
2602.18519,2026,pose enhanced positional data,1
2604.09570,2026,conversational forecasting,1
2604.09570,2026,large human groups,1
2604.09570,2026,swarm,1
2604.09570,2026,surrogate AI agent,1
2602.18907,2026,DeepInterestGR,1
2602.18907,2026,mining deep multi-interest,1
2602.18907,2026,multi-modal LLM,1
2602.18907,2026,generative recommendation,1
2602.18966,2026,whisper,1
2602.18966,2026,courtside edition enhancing ASR performance,1
2602.18966,2026,LLM-driven context generation,1
2602.19170,2026,BriMA,1
2602.19170,2026,bridged modality adaptation,1
2602.19170,2026,multi-modal continual action quality assessment,1
2602.19333,2026,PerSoMed,1
2602.19333,2026,large-scale balanced dataset,1
2602.19333,2026,persian social media text classification,1
2602.19513,2026,real-time win probability,1
2602.19513,2026,latent player ability,1
2602.19513,2026,STATS x,1
2602.19513,2026,team,1
2602.19582,2026,advantage-base temporal attack,1
2602.19582,2026,reinforcement learning,1
2602.20375,2026,reference,1
2602.20375,2026,multi-task reference,1
2602.20375,2026,goal-drive RL framework,1
2602.21029,2026,uniformity,1
2602.21029,2026,FIFA world cup,1
2602.21599,2026,iterative closed-loop motion synthesis,1
2602.21599,2026,capabilities,1
2602.21599,2026,humanoid control,1
2602.22073,2026,resolution,1
2602.22073,2026,precise event,1
2602.22073,2026,spotting,1
2602.22077,2026,ViSTAR,1
2602.22077,2026,virtual skill training,1
2602.22077,2026,augmented reality,1
2602.22077,2026,3d avatars,1
2602.22077,2026,LLM coach agent,1
2602.22118,2026,system design,1
2602.22118,2026,ultra mobility vehicle,1
2602.22118,2026,"driving, balancing, and jumping bicycle robot",1
2602.22527,2026,tennis serve direction,1
2602.22527,2026,machine learning,1
2602.22941,2026,velocity and stroke rate reconstruction,1
2602.22941,2026,canoe sprint team boat,1
2602.22941,2026,pan and zoom video recording,1
2602.23123,2026,multi-agent LLM based emotional detoxification,1
2602.23123,2026,personalized intensity control,1
2602.23123,2026,consumer protection,1
2602.23233,2026,counterfactual combine,1
2602.23233,2026,causal framework,1
2602.23233,2026,player evaluation,1
2602.23288,2026,BRIDGE,1
2602.23288,2026,borderless reconfiguration,1
2602.23288,2026,inclusive,1
2602.23288,2026,diverse gameplay experience,1
2602.23288,2026,embodiment transformation,1
2603.00948,2026,HierKick,1
2603.00948,2026,hierarchical reinforcement learning,1
2603.00948,2026,vision-guided soccer robot control,1
2603.02360,2026,set,1
2603.02360,2026,grand slam tennis match,1
2603.02655,2026,real-time generation,1
2603.02655,2026,game video commentary,1
2603.02655,2026,multimodal LLM,1
2603.02655,2026,pause-aware decoding approach,1
2604.20861,2026,deep interest mining,1
2604.20861,2026,intent-enrich semantic ID,1
2604.20861,2026,multimodal generative recommendation,1
2603.06691,2026,-shot badminton shuttle detection,1
2603.06691,2026,mobile robots,1
2603.04597,2026,bootstrapping exploration,1
2603.04597,2026,group-level natural language feedback,1
2603.04597,2026,reinforcement learning,1
2603.04864,2026,scalable injury-risk screening,1
2603.04864,2026,baseball pitching,1
2603.04864,2026,broadcast video,1
2603.04874,2026,interpretable pre-release baseball pitch type anticipation,1
2603.04874,2026,broadcast 3d kinematics,1
2603.05671,2026,value,1
2603.05671,2026,graph-base encoding,1
2603.05671,2026,NBA salary prediction,1
2603.06863,2026,prior information inform learn architecture,1
2603.06863,2026,fly trajectory prediction,1
2603.08617,2026,diff-muscle,1
2603.08617,2026,efficient learning,1
2603.08617,2026,musculoskeletal robotic table tennis,1
2603.09896,2026,step VLM,1
2603.09896,2026,court,1
2603.09896,2026,benchmarke spatial intelligence,1
2603.13397,2026,TennisExpert,1
2603.13397,2026,expert-level analytical sports video understanding,1
2603.10916,2026,NCAA bracket prediction,1
2603.10916,2026,machine learning,1
2603.10916,2026,combinatorial fusion analysis,1
2603.11016,2026,model-base restricted shapley value,1
2603.11016,2026,player' contribution,1
2603.11016,2026,action,1
2603.11016,2026,football,1
2603.12612,2026,FastDSAC,1
2603.12612,2026,potential,1
2603.12612,2026,maximum entropy RL,1
2603.12612,2026,high-dimensional humanoid control,1
2603.12686,2026,athletic humanoid tennis skills,1
2603.12686,2026,imperfect human motion data,1
2603.13934,2026,iterative semantic reasoning,1
2603.13934,2026,individual,1
2603.13934,2026,group interests,1
2603.13934,2026,generative recommendation,1
2603.13934,2026,LLM,1
2603.14605,2026,CyboRacket,1
2603.14605,2026,perception,1
2603.14605,2026,action framework,1
2603.14605,2026,humanoid racket,1
2603.15192,2026,formula 1 result,1
2603.15192,2026,normal model,1
2603.15212,2026,modeling matches,1
2603.15212,2026,language,1
2603.15212,2026,generative transformer approach,1
2603.15212,2026,counterfactual player valuation,1
2603.15212,2026,football,1
2604.16349,2026,executable code workflows,1
2603.17324,2026,ShuttleEnv,1
2603.17324,2026,interactive data-drive RL environment,1
2603.17324,2026,badminton strategy modeling,1
2603.17687,2026,objective mispricing detection,1
2603.17687,2026,undervalued football players,1
2603.17687,2026,market dynamics,1
2603.17687,2026,news signals,1
2603.17866,2026,NFL,1
2603.17866,2026,turn,1
2603.17866,2026,generative framework,1
2603.17866,2026,player movement,1
2603.17866,2026,american football,1
2603.18354,2026,multi-material direct ink writing,1
2603.18354,2026,embroidery,1
2603.18354,2026,stretchable wearable sensor,1
2603.18453,2026,consistent temporal grounding,1
2603.18453,2026,related tasks,1
2603.18453,2026,coaching,1
2603.19199,2026,FASTER,1
2603.19199,2026,real-time flow VLA,1
2603.19770,2026,FlashCap,1
2603.19770,2026,millisecond-accurate human motion capture,1
2603.19770,2026,flash LED,1
2603.19770,2026,event-base vision,1
2603.21163,2026,simultaneous estimation,1
2603.21163,2026,ballpark effects,1
2603.21163,2026,team defense,1
2603.21163,2026,total bases residuals,1
2603.21825,2026,BadminSense,1
2603.21825,2026,enabling fine-grained badminton stroke evaluation,1
2603.21825,2026,single smartwatch,1
2603.23722,2026,dual-gated epistemic time-dilation,1
2603.23722,2026,autonomous compute modulation,1
2603.23722,2026,asynchronous MARL,1
2603.24015,2026,STAMP,1
2603.24015,2026,shot-type-aware areal multilevel poisson model,1
2603.24015,2026,league-wide comparison,1
2603.24015,2026,basketball shot,1
2603.24023,2026,schema,1
2603.24023,2026,inside,1
2603.24023,2026,phase fine-tuning method,1
2603.24023,2026,high-efficiency text,1
2603.24023,2026,SQL,1
2603.24023,2026,scale,1
2603.25135,2026,EgoXtreme,1
2603.25135,2026,robust object pose estimation,1
2603.25135,2026,egocentric view,1
2603.25135,2026,extreme conditions,1
2603.25163,2026,SportSkills,1
2603.25163,2026,physical skill learning,1
2603.25163,2026,instructional videos,1
2603.25199,2026,football tactical style,1
2603.25199,2026,imitation,1
2603.25533,2026,BFMD,1
2603.25533,2026,match badminton dense dataset,1
2603.25533,2026,dense shot captioning,1
2603.25736,2026,shot,1
2603.25736,2026,quantifying player skill level,1
2603.25736,2026,table tennis,1
2603.25901,2026,defensive coverage responsibilities,1
2603.25901,2026,american football,1
2603.25901,2026,factorized attention,1
2603.26575,2026,climber's grip,1
2603.26575,2026,personalized deep learning models,1
2603.26575,2026,fear and muscle,1
2603.26653,2026,PerceptionComp,1
2603.26653,2026,video benchmark,1
2603.26653,2026,complex perception-centric reasoning,1
2603.26935,2026,load management paradox,1
2603.26935,2026,healthy-worker survivor effect,1
2603.26935,2026,NBA injury modeling,1
2603.27158,2026,weakly convex ridge regularization,1
2603.27158,2026,3d non-cartesian MRI reconstruction,1
2603.27502,2026,cristiano ronaldo,1
2603.27502,2026,lionel messi,1
2603.27502,2026,scoring goal,1
2603.27502,2026,evidence,1
2603.27502,2026,CFM exploratory analysis,1
2603.27766,2026,AutoStan,1
2603.27766,2026,autonomous bayesian model improvement,1
2603.27766,2026,predictive feedback,1
2604.04947,2026,SUMMIR,1
2604.04947,2026,hallucination-aware framework,1
2604.04947,2026,ranking sports insights,1
2604.04947,2026,LLM,1
2603.28916,2026,structural pass analysis,1
2603.28916,2026,football,1
2603.28916,2026,learning pass archetypes,1
2603.28916,2026,tactical impact,1
2603.28916,2026,spatio-temporal tracking data,1
2603.28931,2026,decoding,1
2603.28931,2026,functional networks,1
2603.28931,2026,visual categories,1
2603.28931,2026,GNN,1
2604.00057,2026,automatic soccer commentary generation,1
2604.00057,2026,knowledge-enhance visual reasoning,1
2604.00717,2026,GRASP,1
2604.00717,2026,gradient realignment,1
2604.00717,2026,active shared perception,1
2604.00717,2026,multi-agent collaborative optimization,1
2604.01130,2026,personalized darts training,1
2604.01130,2026,data-drive framework,1
2604.01130,2026,skeleton-base biomechanical analysis and motion modeling,1
2604.01158,2026,SMASH,1
2604.01158,2026,humanoid ping-pong,1
2604.01158,2026,egocentric vision,1
2604.01318,2026,ViT,1
2604.01318,2026,action classification,1
2604.01318,2026,videos,1
2604.01318,2026,risky tackle detection,1
2604.01318,2026,american football practice video,1
2604.01383,2026,GRAZE,1
2604.01383,2026,refinement,1
2604.01383,2026,motion,1
2604.01383,2026,aware,1
2604.01558,2026,patient voice,1
2604.01558,2026,interactive health,1
2604.02447,2026,PlayGen-MoG,1
2604.02447,2026,diverse multi-agent play generation,1
2604.02447,2026,gaussians,1
2604.03715,2026,augmented human(s,1
2604.15353,2026,methodology,1
2604.15353,2026,importance,1
2604.15353,2026,frequency,1
2604.15353,2026,channel,1
2604.15353,2026,electromyography datum,1
2604.15353,2026,decision tree classifier,1
2604.04419,2026,BoxComm,1
2604.04419,2026,benchmarke category-aware commentary generation and narration rhythm,1
2604.04419,2026,boxing,1
2604.04618,2026,biologically inspired event-base perception,1
2604.04618,2026,sample-efficient learning,1
2604.04618,2026,high-speed table tennis robots,1
2604.05636,2026,athlete fatigue assessment,1
2604.05636,2026,association football videos,1
2604.05943,2026,MARL-GPT,1
2604.05943,2026,foundation model,1
2604.05943,2026,multi-agent reinforcement learning,1
2604.06448,2026,load test,1
2604.06448,2026,live stream,1
2604.06448,2026,graph embedding-base anomaly detection,1
2604.06448,2026,microservice architectures,1
2604.07740,2026,pedestrians,1
2604.07740,2026,caption-guide CLIP framework,1
2604.07740,2026,high-difficulty video-base person,1
2604.07740,2026,identification,1
2604.08294,2026,vision language models judge action quality,1
2604.08294,2026,empirical evaluation,1
2604.08722,2026,AI driven soccer analysis,1
2604.08722,2026,computer vision,1
2604.08882,2026,simulation,1
2604.08882,2026,adaptive,1
2604.08882,2026,flexible sports prosthesis,1
2604.08882,2026,reinforcement learning,1
2604.08882,2026,hybrid-link system,1
2604.09143,2026,score-driven rating system,1
2604.09487,2026,sim-to-real transfer,1
2604.09487,2026,muscle-actuated robots,1
2604.09487,2026,generalized actuator networks,1
2604.10466,2026,ExpertEdit,1
2604.10466,2026,learn skill-aware motion,1
2604.10466,2026,expert video,1
2604.11349,2026,racket-ball bounce dynamics,1
2604.11349,2026,diverse rubbers,1
2604.11349,2026,robotic table tennis,1
2604.11440,2026,r3-VAE,1
2604.11440,2026,reference vector-guided rating residual quantization VAE,1
2604.11440,2026,generative recommendation,1
2604.11786,2026,GenTac,1
2604.11786,2026,generative modeling,1
2604.11786,2026,forecasting,1
2604.11786,2026,soccer tactics,1
2604.12122,2026,powerwise,1
2604.12122,2026,PWR,1
2604.12122,2026,NCAA power index,1
2604.12122,2026,NPI,1
2604.12122,2026,NCAA men's division,1
2604.12122,2026,lacrosse committee,1
2604.12934,2026,wearable ECG device,1
2604.12934,2026,hypertrophic cardiomyopathy,1
2604.12934,2026,acquired left ventricular hypertrophy,1
2604.13472,2026,MARL,1
2604.13472,2026,SARL,1
2604.13472,2026,order-independent multi-agent transformer,1
2604.13472,2026,latent consensus,1
2604.13581,2026,SocialMirror,1
2604.13581,2026,3d human interaction behaviors,1
2604.13581,2026,monocular videos,1
2604.13581,2026,semantic and geometric guidance,1
2604.13796,2026,engagement,1
2604.13796,2026,daily fantasy,1
2604.13796,2026,scalable and urgency-aware ranking engine,1
2604.13861,2026,simulation-base optimisation,1
2604.13861,2026,batting order,1
2604.13861,2026,bowling plans,1
2604.13861,2026,t20 cricket,1
2604.14321,2026,LLM predictive scoring,1
2604.14321,2026,validation,1
2604.14321,2026,inferring experience ratings,1
2604.14321,2026,unstructured text,1
2604.14534,2026,unsupervised decision-support framework,1
2604.14534,2026,multivariate biomarker analysis,1
2604.14534,2026,athlete monitoring,1
2604.15665,2026,CPU optimization,1
2604.15665,2026,monocular 3d biomechanics pipeline,1
2604.15665,2026,low-resource deployment,1
2604.15736,2026,RefereeBench,1
2604.15736,2026,video MLLM,1
2604.15736,2026,multi-sport referees,1
2604.16588,2026,MambaKick,1
2604.16588,2026,early penalty direction prediction,1
2604.16588,2026,HAR embeddings,1
2604.17065,2026,BasketHAR,1
2604.17065,2026,multimodal dataset,1
2604.17065,2026,human activity recognition,1
2604.17065,2026,basketball training scenarios,1
2604.17194,2026,forecast sports outcomes,1
2604.17194,2026,efficient market hypothesis,1
2604.17194,2026,theoretical and experimental analysis,1
2604.17194,2026,odds,1
2604.17194,2026,generalised linear models,1
2604.17567,2026,multi-camera self-calibration,1
2604.17567,2026,motion capture,1
2604.17567,2026,human and stick pose,1
2604.18210,2026,TacticGen,1
2604.18210,2026,scalable generation,1
2604.18210,2026,football tactics,1
2604.18331,2026,people,1
2604.18331,2026,robot trainer,1
2604.18331,2026,case study,1
2604.18331,2026,snoopie,1
2604.18331,2026,pacerbot,1
2604.19104,2026,reinforcement learning,1
2604.19104,2026,adaptive multi-task control,1
2604.19104,2026,bipedal soccer robot,1
2604.22839,2026,skeleton,1
2604.22839,2026,pixels,1
2604.22839,2026,representation and prediction distillation,1
2604.20071,2026,immersion,1
2604.20071,2026,virtual reality,1
2604.20071,2026,physical interaction,1
2604.20285,2026,dependent structural equation modeling,1
2604.20285,2026,fan' football fever,1
2604.20285,2026,tracking datum,1
2604.20285,2026,DFB cup final,1
2604.20421,2026,forecasting economy,1
2604.20421,2026,suite,1
2604.20421,2026,datasets,1
2604.20421,2026,lifecycle,1
2604.20421,2026,prediction market,1
2604.21087,2026,model quality,1
2604.21087,2026,football,1
2604.21087,2026,quality,1
2604.21087,2026,expected threat model,1
2604.21953,2026,performance anomaly detection,1
2604.21953,2026,athletics,1
2604.21953,2026,benchmarking system,1
2604.21953,2026,visual analytics,1
2606.09842,2026,integrated real-time motion tracking,1
2606.09842,2026,AI analysis,1
2606.09842,2026,athletic performance optimization,1
2604.22162,2026,SAMIDARE,1
2604.22162,2026,advanced tracking,1
2604.22162,2026,segmentation,1
2604.22162,2026,dense scenarios,1
2604.22226,2026,temporal compositional reasoning,1
2604.22226,2026,long-form sports videos,1
2604.23392,2026,SoccerRef-agents,1
2604.23392,2026,multi-agent system,1
2604.23392,2026,automated soccer refereeing,1
2604.23702,2026,QuietWalk,1
2604.23702,2026,physics-informed reinforcement learning,1
2604.23702,2026,ground reaction force-aware humanoid locomotion,1
2604.23702,2026,diverse footwear,1
2604.23830,2026,workout,1
2604.23830,2026,user tensions,1
2604.23830,2026,AI-generated fitness feedback,1
2605.00888,2026,selective correlation based knowledge distillation,1
2605.00888,2026,ground reaction force estimation,1
2604.24415,2026,phase-separate complex hilbert PCA,1
2604.24415,2026,markerless 3d pose estimation data,1
2604.24415,2026,global phase network,1
2604.24415,2026,extension,1
2604.24415,2026,continuous field,1
2604.24415,2026,body surface,1
2604.26501,2026,text,2
2604.26501,2026,tree,1
2604.26501,2026,tree-base prompting framework,1
2604.26501,2026,domain,1
2604.27865,2026,KellyBench,1
2604.27865,2026,long-horizon sequential decision,1
2605.01234,2026,TT4D,1
2605.01234,2026,pipeline,1
2605.01234,2026,table tennis 4d reconstruction,1
2605.01234,2026,monocular videos,1
2605.01506,2026,OmniEncoder,1
2605.01506,2026,continuous motion,1
2605.01506,2026,humans,1
2605.01506,2026,encoder,1
2605.01876,2026,BadmintonGRF,1
2605.01876,2026,multimodal dataset,1
2605.01876,2026,markerless ground reaction force estimation,1
2605.01876,2026,badminton,1
2605.02558,2026,stage bidirectional stroke context fusion,1
2605.02558,2026,badminton stroke classification,1
2605.02623,2026,relevant moments,1
2605.02623,2026,models,1
2605.02623,2026,generalized moment retrieval,1
2605.02761,2026,streaming reservoir convergence theorem,1
2605.02761,2026,prospect-theoretic framework,1
2605.02761,2026,multi-provider adaptive streaming,1
2605.04724,2026,beats,1
2605.04724,2026,breach,1
2605.04724,2026,offensive AI,1
2605.04724,2026,sensitive user information,1
2605.04724,2026,playlist,1
2605.05096,2026,CapsID,1
2605.05096,2026,soft-routed variable-length semantic ID,1
2605.05096,2026,generative recommendation,1
2605.05487,2026,cross-individual generalizability,1
2605.05487,2026,machine learning model,1
2605.05487,2026,ball speed prediction,1
2605.05487,2026,baseball pitching,1
2605.05724,2026,auto research,1
2605.05724,2026,specialist agents,1
2605.05724,2026,effective and non-trivial training recipes,1
2605.07125,2026,embarrassingly simple graph heuristic,1
2605.07125,2026,shortcut-solvable benchmarks,1
2605.07125,2026,sequential recommendation,1
2605.09598,2026,SoccerLens,1
2605.09598,2026,ground soccer video understanding,1
2605.10085,2026,collective access,1
2605.10085,2026,search,1
2605.10085,2026,solution,1
2605.10085,2026,accessible communication,1
2605.10085,2026,mixed-ability non-profit,1
2605.10717,2026,heteroscedastic diffusion,1
2605.10717,2026,multi-agent trajectory modeling,1
2605.10796,2026,interpretable machine learning,1
2605.10796,2026,football performance analysis,1
2605.10796,2026,evidence,1
2605.10796,2026,limited transferability,1
2605.10796,2026,elite leagues,1
2605.10796,2026,university competition,1
2605.12437,2026,3d gaussian splatting,1
2605.12437,2026,efficient retrospective dynamic scene novel view synthesis,1
2605.12437,2026,standardized benchmark,1
2605.12799,2026,expert,1
2605.12799,2026,validate multimodal dataset,1
2605.12799,2026,trustworthy AI-assisted swimming coaching,1
2605.13142,2026,constraint programming approach,1
2605.13142,2026,day lookahead playoff clinching,1
2605.13142,2026,NHL,1
2605.13192,2026,dynamic computation,1
2605.13192,2026,soft-rigid hybrid-link system,1
2605.13192,2026,motion analysis,1
2605.13192,2026,athlete wear sport prosthesis,1
2605.16405,2026,concept,1
2605.16405,2026,VLM-guided concept bottleneck models,1
2605.16405,2026,minimal annotations,1
2605.13926,2026,football transfer strategy,1
2605.13926,2026,budget constraint,1
2605.14855,2026,exploitation,1
2605.14855,2026,hidden context,1
2605.14855,2026,dynamic movement forecasting,1
2605.14855,2026,neural network journey,1
2605.14855,2026,recurrent,1
2605.14855,2026,graph neural networks,1
2605.14855,2026,general purpose transformers,1
2605.15252,2026,loosely couple radio-,1
2605.15252,2026,inertial-signalstreams,1
2605.15650,2026,MyoChallenge,1
2605.15650,2026,human athletic intelligence,1
2605.16066,2026,market-calibrate accelerated failure time model,1
2605.16066,2026,play football forecasting,1
2605.16237,2026,baseball,1
2605.16237,2026,object lesson,1
2605.16237,2026,technological rule enforcement,1
2605.17179,2026,k: a large-scale benchmark,1
2605.17179,2026,micro-gesture analysis,1
2605.17179,2026,self-supervised learning,1
2605.17845,2026,quantifying officiating impact,1
2605.17845,2026,NBA,1
2605.17845,2026,referee impact metric analysis,1
2605.17845,2026,ESPN win-probability datum,1
2605.24000,2026,toxicity,1
2605.24000,2026,twitch chats,1
2605.24000,2026,LLM-base analysis,1
2605.24000,2026,gaming,1
2605.24000,2026,communities,1
2605.22073,2026,BRIDGE,1
2605.22073,2026,behavior-guide residual integration,1
2605.22073,2026,dual-frequency graph evidence,1
2605.24056,2026,possession-level player impact,1
2605.24056,2026,pre-play-by-play NBA era,1
2605.24056,2026,video-reconstructed RAPM database,1
2605.23355,2026,spatio-temporal adapter,1
2605.23355,2026,fine-grained badminton action localization,1
2605.23597,2026,structure-guided entity resolution,1
2605.23597,2026,fine-tune LLM,1
2605.23597,2026,robust name matching,1
2605.23597,2026,complex linguistic contexts,1
2605.23790,2026,deep learning,1
2605.23790,2026,event-base saliency prediction,1
2605.23790,2026,transformer-base model,1
2605.24481,2026,OmniEgo-r,1
2605.24481,2026,routed reasoning framework,1
2605.24481,2026,1st cross-domain EgoCross challenge,1
2605.24481,2026,CVPR,1
2605.25409,2026,MTLLFM,1
2605.25409,2026,multimodal-temporal laughter localization,1
2605.25409,2026,SMILE-temporal benchmarks,1
2605.25409,2026,adaptive multimodal fusion model,1
2605.25610,2026,classification,1
2605.25610,2026,round,1
2605.25610,2026,team round-robin tournament,1
2605.25696,2026,decision-making,1
2605.25696,2026,professional football,1
2605.25696,2026,receiver selection,1
2605.26340,2026,ScientistOne,1
2605.26340,2026,human-level autonomous research,1
2605.26340,2026,chain,1
2605.26340,2026,evidence,1
2607.26061,2026,Sim2Win,1
2607.26061,2026,"team-agnostic, event-base pre-match outcome prediction",1
2607.26061,2026,tactical profiling system,1
2607.26061,2026,football,1
2605.27636,2026,simorgh,1
2605.27636,2026,SemEval-2026 task,1
2605.27636,2026,region-aware hybrid retrieval,1
2605.27636,2026,low-resource cultural reasoning,1
2605.27636,2026,multilingual question answering,1
2605.28011,2026,impact,1
2605.28011,2026,shuttlecock speed,1
2605.28011,2026,badminton smashes,1
2605.28011,2026,event camera,1
2605.28549,2026,SPRINT,1
2605.28549,2026,efficient spectral priors,1
2605.28549,2026,humanoid athletic sprints,1
2605.30394,2026,CodeGolf bench,1
2605.30394,2026,multi-language benchmark,1
2605.30394,2026,evaluating concise code generation capabilities,1
2605.30394,2026,LLM,1
2605.29953,2026,mesh-aware epipolar matching,1
2605.29953,2026,multi-view multi-person 3d pose estimation,1
2605.29953,2026,basketball,1
2605.30209,2026,integrity,1
2605.30209,2026,stake,1
2605.30209,2026,statistical detection,1
2605.30209,2026,anomalous in-play betting,1
2605.30209,2026,football,1
2605.30864,2026,action sequence,1
2605.31529,2026,SVI-bench,1
2605.31529,2026,dynamic microworld,1
2605.31529,2026,strategic video intelligence,1
2605.31551,2026,SMART,1
2605.31551,2026,SMPLest-x mesh adaptation,1
2605.31551,2026,tracking,1
2605.31551,2026,soccer pose estimation,1
2606.00829,2026,right inference strategy,1
2606.00829,2026,nearly training-free domain-wise inference,1
2606.00829,2026,EgoCross challenge,1
2606.01170,2026,task switching,1
2606.01170,2026,robotics multi-agent system,1
2606.01170,2026,behavior trees,1
2606.01419,2026,DENSER,1
2606.01419,2026,depth-guided ensemble,1
2606.01419,2026,stag EFA-GS reconstruction,1
2606.01419,2026,soccer novel view synthesis,1
2606.02482,2026,stream,1
2606.02482,2026,MLLM,1
2606.02482,2026,multiplexers,1
2606.02482,2026,multi-stream understanding,1
2606.14730,2026,hierarchical GRU,1
2606.14730,2026,input-condition slot query,1
2606.14730,2026,ball action anticipation,1
2606.04550,2026,trading engagement,1
2606.04550,2026,sustainability,1
2606.04550,2026,carbon-aware,1
2606.04550,2026,e-commerce recommendation,1
2606.04593,2026,4d reconstruction,1
2606.04593,2026,sparse dynamic camera,1
2606.06353,2026,set-piece return,1
2606.06353,2026,football corner tactics,1
2606.06353,2026,graph reinforcement learning,1
2606.06926,2026,SVHighlights,1
2606.06926,2026,extremely long sport video highlight detection,1
2606.07433,2026,human-view video understanding,1
2606.07433,2026,MLLM,1
2606.08064,2026,cooperative long rope,1
2606.08064,2026,multi-agent reinforcement learning,1
2606.08133,2026,gravity-guide contact dynamics estimation,1
2606.08133,2026,3d human motions,1
2606.09181,2026,counterfactual reasoning,1
2606.09181,2026,fine-grained evidence disentanglement,1
2606.09246,2026,SOMA,1
2606.09246,2026,surface observations,1
2606.09246,2026,muscle anatomy,1
2606.09289,2026,intention driven identification,1
2606.09289,2026,possession match phases,1
2606.09289,2026,association football,1
2606.09289,2026,temporal graph learning,1
2606.09327,2026,universal dense football event representation,1
2606.09327,2026,TabTransformer,1
2606.09679,2026,SoccerNet 2026 player-centric ball-action spotting,1
2606.09679,2026,retraining,1
2606.09679,2026,post-processing extensions,1
2606.09679,2026,FOOTPASS baseline,1
2608.18097,2026,FrenchNews-7,1
2606.10628,2026,metric depth,1
2606.10628,2026,relative depth prediction,1
2606.11092,2026,RoboNaldo,1
2606.11092,2026,"accurate, stable and powerful humanoid soccer shooting",1
2606.11092,2026,motion-guided curriculum reinforcement learning,1
2606.11120,2026,monte carlo pass search,1
2606.11120,2026,trajectory generation,1
2606.11120,2026,3d counterfactual pass evaluation,1
2606.11120,2026,football,1
2606.11464,2026,sim2real gap,1
2606.11464,2026,table tennis robot,1
2606.11464,2026,transformer-base ball state predictor,1
2606.12106,2026,MSUE,1
2606.12106,2026,multi-modal soccer understanding expert,1
2606.12281,2026,CCKS,1
2606.12281,2026,consensus-base communication,1
2606.12281,2026,knowledge sharing,1
2606.13033,2026,selective mask propagation,1
2606.13033,2026,multi-object tracking,1
2606.14631,2026,SED,1
2606.14631,2026,lightweight saliency prediction,1
2606.14631,2026,event-base datum,1
2606.14631,2026,distillation,1
2606.15992,2026,multi-task tennis stroke biomechanics analysis,1
2606.15992,2026,MediaPipe,1
2606.17345,2026,machine learning modeling,1
2606.17345,2026,play,1
2606.17345,2026,quantification,1
2606.17345,2026,pitch sequence effect,1
2606.17388,2026,agent utilities,1
2606.17388,2026,generalized voronoi regions,1
2606.17388,2026,gradient,1
2606.17615,2026,view,1
2606.17615,2026,prototype-condition gating,1
2606.17615,2026,unified multi-view proficiency estimation,1
2606.17869,2026,perceptually-weighted video quality metric,1
2606.17869,2026,asymmetric encoded sports videos,1
2606.18786,2026,R2D-RL,1
2606.18786,2026,RoboCup 2d soccer environment,1
2606.18786,2026,multi-agent reinforcement learning,1
2606.19647,2026,hour,1
2606.19647,2026,vozinha's algorithmic consecration,1
2606.19647,2026,multilingual making,1
2606.19647,2026,world cup visibility,1
2606.20542,2026,CalTennis,1
2606.20542,2026,large multi-view tennis video dataset,1
2606.20542,2026,monocular-to-3d pose estimation,1
2606.21146,2026,ChronoLock,1
2606.21146,2026,videos,1
2606.21146,2026,video,1
2606.24916,2026,SPORT,1
2606.24916,2026,spherical-PSNR-optimize tRuncaTion,1
2606.24916,2026,power-efficient 360-degree video systems,1
2606.22876,2026,body golf swing kinematic reconstruction,1
2606.22876,2026,smartwatch,1
2606.22876,2026,IMU,1
2606.23291,2026,URecJPQ,1
2606.23291,2026,memory-efficient multimodal recommendation models,1
2606.23291,2026,RecJPQ,1
2606.23291,2026,large-scale scenario,1
2606.25620,2026,rally,1
2606.25620,2026,event-camera dataset,1
2606.25620,2026,real-time learned ball-state estimation,1
2606.25620,2026,robotic table tennis,1
2606.26215,2026,TaskNPoint,1
2606.26215,2026,humanoid,1
2606.26215,2026,backhand,1
2606.26215,2026,minutes,1
2606.26643,2026,hardware design,1
2606.26643,2026,table tennis robot,1
2606.26643,2026,beating professional players,1
2606.26780,2026,event-base gaze control system,1
2606.26780,2026,accurate real-time spin estimation,1
2606.26780,2026,professional ball games,1
2606.27914,2026,future,1
2606.27914,2026,path,1
2606.27914,2026,high-latency vehicle systems,1
2606.27988,2026,latent visual diffusion reasoning,1
2606.27988,2026,monte carlo tree search,1
2606.28145,2026,architectures,1
2606.28145,2026,athlete performance scoring,1
2606.28145,2026,wearable telemetry,1
2606.28570,2026,digitizing coaching intelligence,1
2606.28570,2026,agentic framework,1
2606.28570,2026,holistic athlete profiling,1
2606.28570,2026,VLM,1
2606.28570,2026,RAG,1
2606.28805,2026,physics models,1
2606.28805,2026,sim-to-real transfer,1
2606.28805,2026,professional-level robot table tennis,1
2606.30266,2026,continual motion-language agent,1
2606.30266,2026,LoRA variants,1
2606.30266,2026,incremental motion understanding,1
2606.30266,2026,generation,1
2606.30449,2026,internal-state probes,1
2606.30449,2026,situation,1
2606.30449,2026,action,1
2606.30449,2026,negative result,1
2606.30449,2026,pre-action misalignment monitoring,1
2606.31127,2026,SkillSpotter,1
2606.31127,2026,pose-aware multi-view skilled action detection,1
2606.31127,2026,grading,1
2606.31127,2026,ego-exo video,1
2606.31979,2026,planar-SfM,1
2606.31979,2026,camera pose estimation,1
2606.31979,2026,homography graph embeddings,1
2607.00190,2026,champions,1
2607.00190,2026,latent space,1
2608.07513,2026,democratize ski safety,1
2608.07513,2026,real-time turn segmentation,1
2608.07513,2026,smartphone IMU,1
2608.07513,2026,causal LSTM network,1
2607.01517,2026,parameter golf,1
2607.01722,2026,adaptive glicko-2 rating framework,1
2607.01722,2026,probabilistic football forecasting,1
2607.01722,2026,season simulation,1
2607.02269,2026,AnyGroundBench,1
2607.02269,2026,domain,1
2607.02269,2026,video grounding,1
2607.02269,2026,VLM,1
2607.02290,2026,DisciplineGen-1m,1
2607.02290,2026,large-scale dataset,1
2607.02290,2026,multidisciplinary visual generation,1
2607.02290,2026,editing,1
2607.03633,2026,identity-specific motion signature,1
2607.05518,2026,"aiAuthZ: off-host, identity-bound authorization",1
2607.05518,2026,AI agent,1
2607.06020,2026,stochastic generator,1
2607.06020,2026,trajectory,1
2607.06020,2026,record datum,1
2607.06020,2026,fluctuation,1
2607.06020,2026,glacier's frontal position,1
2607.06020,2026,sample,1
2607.06020,2026,moraine,1
2607.06495,2026,pitwall: faithful natural-language race-strategy briefings,1
2607.06495,2026,calibrated real-time monte carlo engine,1
2607.06989,2026,ace! motion planning,1
2607.06989,2026,professional-level table tennis,1
2607.06989,2026,robot arm,1
2607.09780,2026,real-world wearable motion reconstruction,1
2607.07320,2026,SoccerNet,1
2607.07438,2026,stage multi-modal fusion,1
2607.07438,2026,adaptive alignment,1
2607.07438,2026,action quality assessment,1
2607.07498,2026,adaptive,1
2607.07498,2026,case study,1
2607.07498,2026,automated game testing,1
2607.07498,2026,NHL26,1
2607.07670,2026,bielik,1
2607.07670,2026,activation dispersion,1
2607.07670,2026,entity familiarity,1
2607.07670,2026,factual reliability,1
2607.08725,2026,pose,1
2607.08725,2026,biomechanics,1
2607.08725,2026,bridge 3d pose estimation and biomechanical attribute prediction,1
2607.10413,2026,SPORT,1
2607.10413,2026,structure-aware prototype disentanglement,1
2607.10413,2026,incomplete multi-view clustering,1
2607.10990,2026,TreeSoc,1
2607.10990,2026,tree-structured dynamic reasoning and tool synergy,1
2607.10990,2026,soccer video understanding,1
2607.10998,2026,temporal feature distillation,1
2607.10998,2026,label-efficient precise event,1
2607.10998,2026,video,1
2607.11548,2026,screen player,1
2607.11548,2026,broadcast-base spatial football analytics,1
2607.11844,2026,single camera,1
2607.11844,2026,video understanding,1
2607.12362,2026,implicit 4d gaussian splatting,1
2607.12362,2026,fast motion,1
2607.12362,2026,large inter-frame displacement,1
2609.17539,2026,arabic,1
2609.17539,2026,machine translation,1
2607.12702,2026,vision-base dribbling,1
2607.12702,2026,humanoid soccer,1
2607.12702,2026,privileged representation learning,1
2607.14616,2026,SportD,1
2607.14616,2026,VLM,1
2607.14809,2026,LLM-base automatic sportscast solution,1
2607.14809,2026,robot soccer match,1
2607.14924,2026,narrative visualization,1
2607.14924,2026,motion,1
2607.14924,2026,visual storytelling,1
2607.14924,2026,swimming videos,1
2607.16597,2026,uncertainty-aware AI,1
2607.16597,2026,olympic and para-taekwondo decision support,1
2607.16597,2026,athlete digital twins,1
2607.16597,2026,federation-scale analytics,1
2607.18009,2026,bayesian conway-maxwell-poisson model,1
2607.18009,2026,spike-and slab prior,1
2607.18009,2026,dispersed count datum,1
2607.18009,2026,football score,1
2607.18084,2026,WorldCupArena,1
2607.18084,2026,fine-grained evaluation,1
2607.18084,2026,language models,1
2607.18084,2026,deep-research agents,1
2607.18084,2026,football forecasting,1
2607.18922,2026,reproducible cross-venue method,1
2607.18922,2026,crowd noise,1
2607.18922,2026,stadium,1
2607.21267,2026,BasketEvent,1
2607.21267,2026,understanding,1
2607.21267,2026,basketball video,1
2607.23303,2026,ranking-base competitive balance measure,1
2607.23303,2026,formula,1
2607.23509,2026,topological data analysis and graph-theoretic approaches for tennis match prediction,1
2607.23930,2026,bridging reinforcement learning,1
2607.23930,2026,optimal control,1
2607.23930,2026,feasible action mapping,1
2607.24573,2026,LLM,1
2607.24573,2026,SoccerArena,1
2607.24573,2026,benchmarke LLM,1
2607.24573,2026,real-world predictions,1
2607.24611,2026,test-time adaptation,1
2607.24611,2026,dual distillation,1
2607.24611,2026,videos,1
2607.24611,2026,severe distribution shift,1
2607.27125,2026,TactiPlay,1
2607.27125,2026,multi-granularity tactical parsing,1
2607.27125,2026,video-anchored match review,1
2607.27125,2026,amateur badminton players,1
2608.11228,2026,exposure,1
2608.11228,2026,man's and woman's football league,1
2608.11228,2026,denominator,1
2608.11228,2026,minute,1
2608.11228,2026,injury rate,1
2607.27574,2026,policy gradient steering,1
2607.27574,2026,intervention,1
2607.27574,2026,behavioral objective,1
2607.28500,2026,stated,1
2607.28500,2026,optimal aiming strategies,1
2607.28500,2026,tennis serve,1
2607.28500,2026,experimental evidence,1
2607.28500,2026,collegiate athletes,1
2608.00876,2026,player,1
2608.00876,2026,query interpretation,1
2608.00876,2026,spoken XR sports interaction,1
2608.01260,2026,semantic gains,1
2608.01260,2026,sequential recommendation,1
2608.01696,2026,entity-aware sequence transduction,1
2608.01696,2026,player-centric ball action spotting,1
2608.02081,2026,isotonic bradley-terry model,1
2608.02081,2026,paired comparison data,1
2608.02285,2026,sen,1
2608.02285,2026,cap,1
2608.02285,2026,sensor-flexible,1
2608.02285,2026,noise-resilient,1
2608.02285,2026,LiDAR-camera integration,1
2608.02379,2026,chess,1
2608.02379,2026,ice,1
2608.02379,2026,tactical decision-making,1
2608.02379,2026,backward induction,1
2608.02379,2026,deep reinforcement learning,1
2608.03416,2026,AI world cup,1
2608.03416,2026,large language models,1
2608.03416,2026,end,1
2608.04581,2026,ACA-GS,1
2608.04581,2026,adaptive-capacity,1
2608.04581,2026,compact dynamic radiance field,1
2608.04589,2026,EgoCross challenge,1
2608.04589,2026,EgoVis,1
2608.04589,2026,cross-domain egocentric video question answering,1
2608.04612,2026,GASP,1
2608.04612,2026,GPU-accelerated safe planner,1
2608.04612,2026,real-time collision-aware motion generation,1
2608.04612,2026,latent trajectory sampling,1
2608.05030,2026,score matrices,1
2608.05030,2026,football-aware match-state simulation,1
2608.05030,2026,exact-score reranking,1
2608.05560,2026,safety,1
2608.05560,2026,MLLM,1
2608.05971,2026,PoseForge,1
2608.05971,2026,editable pose analytics,1
2608.05971,2026,AI-assisted sports coaching,1
2608.06102,2026,MultiMoQ: multi-access medium-over-QUIC,1
2608.06102,2026,robust immersive video streaming,1
2608.06290,2026,learning latent memory states,1
2608.06290,2026,longitudinal athlete monitoring data,1
2608.06635,2026,modelling athletic ageing relative,1
2608.06635,2026,estimated performance envelope,1
2608.06841,2026,class-agnostic detection,1
2608.06841,2026,thing-centric objectness,1
2608.07168,2026,bayesian bivariate conditional poisson regression,1
2608.07168,2026,goal dependence,1
2608.07168,2026,english premier league,1
2609.26056,2026,CricRAG,1
2609.26056,2026,retrieval augmented vision-language models,1
2609.26056,2026,personalized cricket coaching,1
2608.07932,2026,SportsGrounder,1
2608.07932,2026,dense sports video reasoning,1
2608.08157,2026,event-time hybrid optimal control,1
2608.08157,2026,robotic table tennis,1
2608.08531,2026,ERF-GS,1
2608.08531,2026,fast motion,1
2608.08531,2026,disjoint event-RGB viewpoint,1
2608.08736,2026,fitness action quality assessment,1
2608.08736,2026,multimodal LLM,1
2608.09156,2026,invasion-base esport,1
2608.09200,2026,large-scale benchmark,1
2608.09200,2026,fine-grained basketball commentary generation,1
2608.09200,2026,continuous streams,1
2608.09762,2026,efficient real-world online reinforcement learning,1
2608.09762,2026,robot manipulation,1
2608.09762,2026,centralized training and critic decomposition,1
2608.09824,2026,longitudinal bayesian network,1
2608.09824,2026,team performance,1
2608.09824,2026,national basketball association,1
2608.09887,2026,space-creating,1
2608.09887,2026,dead possession,1
2608.09887,2026,ball possession-quality index,1
2608.09887,2026,broadcast football,1
2608.10606,2026,ASR-roundtrip evaluation,1
2608.10606,2026,context-,1
2608.10606,2026,convention-dependent reading errors,1
2608.10606,2026,chinese news TTS,1
2608.10983,2026,TimeRoute,1
2608.10983,2026,aware modality routing,1
2608.10983,2026,diffusion,1
2608.10983,2026,multi-modal recommendation,1
2608.11203,2026,uncertainty,1
2608.11203,2026,human motion,1
2608.11203,2026,representation learning,1
2608.11203,2026,soccer,1
2608.11505,2026,structural model,1
2608.11505,2026,closing price,1
2608.11505,2026,calibrated forecasting,1
2608.11505,2026,incremental information,1
2608.11505,2026,leverage,1
2608.11505,2026,italian serie,1
2608.12920,2026,TennisVAR: a stroke-evidence-ground multimodal LLM,1
2608.12920,2026,tactical reasoning,1
2608.12920,2026,tennis videos,1
2608.12926,2026,h-xt,1
2608.12926,2026,offensive,1
2608.12926,2026,ball,1
2608.12926,2026,handball,1
2608.12926,2026,estimating probabilities,1
2608.14377,2026,survey,1
2608.14377,2026,large models,1
2608.14776,2026,NRCD: an open database,1
2608.14776,2026,collegiate,1
2608.14776,2026,unified performance standardization,1
2608.15688,2026,training-free long-term multi-object tracking,1
2608.15688,2026,video analytics,1
2608.16642,2026,tight spiral american football,1
2608.16642,2026,humanoid robot,1
2608.17060,2026,CAS-FD: contact-aware temporal sampling,1
2608.17060,2026,single-view foul,1
2608.17060,2026,dive recognition,1
2608.18423,2026,FM-bench,1
2608.18423,2026,long-horizon management,1
2608.18423,2026,competing agent,1
2608.19133,2026,comment-level topic drift analysis,1
2608.19133,2026,reddit corpus,1
2608.19480,2026,VideoRun2D demo,1
2608.19480,2026,markerless body tracking,1
2608.19480,2026,biomechanical analysis,1
2608.19646,2026,PL-NBA,1
2608.19646,2026,multiple visual understanding tasks,1
2608.19723,2026,StreamSoccer,1
2608.19723,2026,event-drive memory,1
2608.19723,2026,streaming soccer commentary,1
2608.19778,2026,aggregate mobility statistics,1
2608.19778,2026,language model policy,1
2608.19778,2026,post-event crowd simulation,1
2608.20087,2026,professional tennis styles,1
2608.20087,2026,humanoid robots,1
2608.20087,2026,adaptive motion planning,1
2608.20087,2026,tracking,1
2608.20127,2026,ID-VTG: image-disambiguate video temporal grounding,1
2608.21530,2026,multimodal injury risk and performance prediction,1
2608.21530,2026,tennis,1
2608.21530,2026,weighted ensemble learning,1
2608.22507,2026,effect,1
2608.22507,2026,run-specific prosthesis,1
2608.22507,2026,long jump,1
2608.22507,2026,optimization-base prediction,1
2608.22507,2026,biomechanical model,1
2608.23435,2026,comprehensive basketball understanding,1
2608.23776,2026,disentangle skill representations,1
2608.23776,2026,predictive human modeling,1
2608.24439,2026,DoublesEval,1
2608.24439,2026,multi-agent tactical reasoning,1
2608.24439,2026,vision-language models,1
2608.24439,2026,professional doubles badminton,1
2608.25126,2026,multimodal injury risk prediction,1
2608.25126,2026,tennis,1
2608.25246,2026,ShuttleArena,1
2608.25246,2026,interpretable self-play,1
2608.25246,2026,physics-base badminton,1
2608.26800,2026,rapid on-robot learning,1
2608.26800,2026,dynamic manipulation skill,1
2608.26800,2026,robot juggling,1
2608.27362,2026,big three era,1
2608.27362,2026,extreme,1
2608.27362,2026,persistence,1
2608.27362,2026,man's professional tennis,1
2608.29487,2026,blind dexterity,1
2608.29487,2026,body humanoid manipulation,1
2608.29487,2026,pure proprioception,1
2608.29563,2026,HoopMind,1
2608.29563,2026,real-time neural game-tree system,1
2608.29563,2026,opponent-aware possession planning,1
2609.01337,2026,LEAP,1
2609.01337,2026,likelihood elicitation,1
2609.01337,2026,aggregation,1
2609.01337,2026,LLM-base probabilistic forecasting,1
2609.02705,2026,metric-scale athlete localization,1
2609.02705,2026,single broadcast frames,1
2609.02854,2026,MuyBridge,1
2609.02854,2026,mass,1
2609.02854,2026,monocular video,1
2609.02854,2026,sparse fusion,1
2609.03786,2026,auditing contextual bias,1
2609.03786,2026,human ball-strike calls,1
2609.03786,2026,KBO's automated umpiring transition,1
2609.03790,2026,minute-resolution monitoring,1
2609.03790,2026,session-level injury labels,1
2609.03790,2026,landmark-base discrimination,1
2609.03790,2026,elite women's football,1
2609.03810,2026,unify pitch graphs,1
2609.03810,2026,pitching strategy,1
2609.04754,2026,fairness audit,1
2609.04754,2026,duckworth-lewis-stern method,1
2609.04754,2026,format-specific,1
2609.04754,2026,gender-differential bias,1
2609.04754,2026,interpretable calibration layer,1
2609.04754,2026,cricket target revision,1
2609.04803,2026,hierarchical possession-aware graph pointer network,1
2609.04803,2026,pass receiver selection,1
2609.05584,2026,equation,1
2609.05584,2026,competitive team,1
2609.05584,2026,rulebook,1
2609.05584,2026,league,1
2609.05584,2026,habit,1
2609.05756,2026,concord,1
2609.05756,2026,video relational algebra,1
2609.05756,2026,cross-modal query optimization,1
2609.06718,2026,unified multi-skill policy learning,1
2609.06718,2026,humanoid soccer,1
2609.06739,2026,profit-bias identity,1
2609.06739,2026,betting,1
2609.06739,2026,bookmaker profit,1
2609.06739,2026,public's prediction error,1
2609.07617,2026,winner,1
2609.07617,2026,live tennis match,1
2609.08311,2026,StitchOver,1
2609.08311,2026,technical embroidery,1
2609.08311,2026,seamed fabric,1
2609.08607,2026,GOLF,1
2609.08607,2026,global observation,1
2609.08607,2026,local focus,1
2609.08607,2026,calibration-aware stereo interaction field estimation,1
2609.10202,2026,IMU-centric moving horizon estimation,1
2609.10202,2026,lateral dynamics estimation,1
2609.10202,2026,vehicles,1
2609.10202,2026,grip conditions,1
2609.10498,2026,field converter,1
2609.10498,2026,geometry-initialize temporal residual refinement,1
2609.10498,2026,world-ground player pose estimation,1
2609.10498,2026,soccer broadcasts,1
2609.10833,2026,advantage,1
2609.10833,2026,split-staggered starts,1
2609.10833,2026,record-break middle-distance race,1
2609.11083,2026,realistic athletic sprinting,1
2609.11083,2026,demonstration,1
2609.11224,2026,AI soccer analyst,1
2609.11224,2026,stage-aware,1
2609.11224,2026,verifiable human-AI collaboration,1
2609.11224,2026,soccer data analysis,1
2609.13966,2026,SGWIB,1
2609.13966,2026,wasserstein,1
2609.13966,2026,video highlight detection,1
2609.19194,2026,AthenaZero,1
2609.19194,2026,low-inertia,1
2609.19194,2026,bimanual robot,1
2609.19194,2026,dynamic manipulation,1
2609.17923,2026,highlight detection,1
2609.18207,2026,reinforcement learning,1
2609.18207,2026,real-time vision-language-action policies,1
2609.18260,2026,MS-RFD,1
2609.18260,2026,multi-signal release frame detection,1
2609.18260,2026,hammer throw,1
2609.18260,2026,reconstructed 3d trajectories,1
2609.18406,2026,prosthesis-aware 3d pose estimation,1
2609.18406,2026,RSP users,1
2609.18634,2026,GenStream,1
2609.18634,2026,semantic streaming framework,1
2609.18634,2026,generative reconstruction,1
2609.18634,2026,human-centric medium,1
2609.19354,2026,vision-language models,1
2609.19354,2026,reasoning,1
2609.19354,2026,scores,1
2609.19354,2026,zero-shot action quality assessment,1
2609.19505,2026,FenceXR: AR movement replay,1
2609.19505,2026,error-detection training,1
2609.20768,2026,semantic action graph,1
2609.20768,2026,shared representation,1
2609.20768,2026,agent grounding,1
2609.20768,2026,human interpretation,1
2609.20768,2026,highlights,1
2609.21100,2026,dynamics-induced commitment,1
2609.21100,2026,learning-base robotic penalty kicks,1
2609.21674,2026,match forecast,1
2609.21674,2026,UEFA club competition,1
2609.21674,2026,elo rating,1
2609.21674,2026,transfermarkt valuation,1
2609.22497,2026,wisdom,1
2609.22497,2026,artificial deliberative crowds,1
2609.24025,2026,reactive character behaviors,1
2609.24025,2026,continuous games,1
2609.24025,2026,programmatic policy search,1
2609.24040,2026,graph,1
2609.24040,2026,grid,1
2609.24040,2026,g2g,1
2609.24040,2026,continuous-coordinate feature painting,1
2609.24040,2026,soccer pass surfaces,1
2609.24482,2026,STA,1
2609.24482,2026,TFM,1
2609.24482,2026,spatio-temporal aggregation,1
2609.24482,2026,views,1
2609.24482,2026,TransForMer,1
2609.24482,2026,pose estimation,1
2609.25525,2026,strike zone,1
2609.25525,2026,AI review,1
2609.25569,2026,SambaGraph,1
2609.25569,2026,action-reaction spatio-temporal graphs,1
2609.25569,2026,soccer tactical response modeling,1
2609.26923,2026,3d pose-based ensemble framework,1
2609.26923,2026,cricket shot classification,1
2609.26923,2026,automated biomechanical analysis,1
2609.27245,2026,metric,1
2609.27245,2026,decision,1
2609.27245,2026,NBA analytics,1
2609.27245,2026,decision-readiness framework,1
2609.27269,2026,banana kick,1
2609.27269,2026,response-inform skill evolution,1
2609.27269,2026,humanoid soccer,1
2609.28049,2026,probe,1
2609.28049,2026,train,1
2609.28049,2026,annotate,1
2609.28049,2026,single-camera sport video understanding,1
2609.28049,2026,amateur setting,1
2609.28175,2026,DAVIS,1
2609.28175,2026,end,1
2609.28175,2026,humanoid soccer skills,1
2609.28352,2026,digital diglossia,1
2609.28352,2026,arabic,1
2609.28352,2026,facebook,1
2609.31765,2026,HGPTrans,1
2609.31765,2026,hierarchical graph-pooling transolver,1
2609.31765,2026,automotive aerodynamic drag coefficient prediction,1
2609.30026,2026,training-free hold-usage detection,1
2609.30026,2026,climbing,1
2609.30026,2026,foundation pose model,1
2609.30753,2026,skill profiling,1
2609.30753,2026,attributable reasoning,1
2609.30753,2026,SPAR,1
2609.30753,2026,wearable analysis system,1
2609.30753,2026,boxing,1
2609.31840,2026,humanoid badminton,1
2609.31840,2026,learn dynamic racket skills,1
2609.31840,2026,limited human motion data,1
2609.32982,2026,protocol,1
2609.32982,2026,observational study,1
2609.32982,2026,effect,1
2609.32982,2026,adolescent physical activity and sports participation,1
2609.32982,2026,flourishing,1
2609.32982,2026,academic engagement,1
2609.33076,2026,NutriVision,1
2609.33076,2026,ingredient-condition fusion,1
2609.33076,2026,prediction,1
2609.33076,2026,single-image food nutrition estimation,1
2609.33450,2026,native association,1
2609.33450,2026,confidence-aware human perception,1
2609.33450,2026,wild,1
2609.33450,2026,foundation VLM,1
2609.33664,2026,probabilistic pass-blocking assignments,1
2609.33664,2026,evaluating blockers,1
2609.33664,2026,pass rushers,1
2609.33664,2026,american football,1
2609.33752,2026,concave processes,1
2609.33752,2026,multi-task career trajectories,1
2609.33752,2026,evaluating aging,1
2609.33752,2026,multiple measures,1
2609.33752,2026,NBA performance,1
2609.34710,2026,benchmarke LLM agents,1
2609.34710,2026,long-horizon football management,1
2609.35562,2026,risky tackle detection,1
2609.35562,2026,vision transformers,1
2609.37167,2026,length-vary neural motion,1
2609.37167,2026,cluster transition graph,1
2609.38105,2026,FORM,1
2609.38105,2026,robot manipulation,1
2609.38105,2026,direct material law identification,1
2609.38588,2026,drone soccer,1
2609.38588,2026,manipulate,1
2609.38588,2026,multicopter downwash,1
2609.38611,2026,generalized fiducial inference,1
2609.38611,2026,hybrid discrete-continuous count data,1
2609.38611,2026,theory,1
2609.38852,2026,locomotion-ground humanoid soccer,1
2609.38852,2026,task-gated reinforcement learning,1
2609.38852,2026,multi-directional kicking library,1
2609.39043,2026,generative,1
2609.39043,2026,collaborative user profiles,1
2609.39043,2026,controllable novelty,1
2609.39300,2026,BMASH,1
2610.01997,2026,efficacy-competitiveness frontier,1
2610.01997,2026,swiss system,1
2610.03058,2026,unsupervised instantaneous phase and frequency tracking,1
2610.03058,2026,inverse voice synthesis,1
2610.03388,2026,high-dynamic humanoid motion,1
2610.03388,2026,video,1
2610.03388,2026,unified robust recovery,1
2610.04220,2026,bi-manual stabilization,1
2610.04220,2026,cervical spine,1
2610.04220,2026,safe physical human-robot interaction,1
2610.04220,2026,rolling maneuvers,1
2610.06967,2026,economic resource,1
2610.06967,2026,sporting efficiency,1
2610.06967,2026,uncertainty,1
2610.06967,2026,stochastic optimization model,1
2610.06967,2026,football performance,1
2610.06967,2026,africa,1
2610.05961,2026,strategic multi-agent learning,1
2610.05961,2026,interpretable action valuation,1
2610.05961,2026,players,1
2610.05961,2026,football,1
2610.07130,2026,machine playing,1
2610.07416,2026,knit-structure effects,1
2610.07416,2026,electromechanical metrics,1
2610.07416,2026,correlation,1
2610.07416,2026,joint-angle estimation error,1
2610.07416,2026,knitted strain sensor,1
2610.07823,2026,TTNet,1
2610.07823,2026,multi-task deep learning,1
2610.07823,2026,table tennis player analysis,1
2610.07823,2026,smart racket,1
2610.08286,2026,event detection,1
2610.08286,2026,table tennis videos,1
2610.08286,2026,2d keypoint,1
2610.08663,2026,prior,1
2610.08663,2026,video gaze prediction,1
2610.09742,2026,SoccerNet-FoulRet,1
2610.09742,2026,semantically similar soccer foul videos,1
2610.11129,2026,unified benchmark and type-aware evaluation,1
2610.11129,2026,AI-generated game commentary,1
2610.11164,2026,RideBench,1
2610.11164,2026,large-scale exogenous-aware benchmark,1
2610.11164,2026,ride-hailing time series forecasting,1
2610.11439,2026,chain archaeology,1
2610.11439,2026,bitcoin oracles,1
2610.11439,2026,evidence,1
2610.11439,2026,use,1
2610.11439,2026,limited observability,1
2610.11571,2026,automated detection,1
2610.11571,2026,match phases,1
2610.11571,2026,football,1
2610.11571,2026,spatio-temporal tracking data,1
2610.11571,2026,graph neural network,1
